price,bill_id,id,item,Record Count
0.87,b7cea157-701f-45cb-b831-8934e259132f,da427ddf-7453-43e1-9b54-36e7a59adf8d,GARLIC 3PK,1
2.93,e999851c-a52f-4f1d-a861-d341fe35dc59,7b583fd6-5def-4510-ae65-76cd077138d7,MMSBLMZS1.54,1
0.05,3a9da0a9-e034-4f5a-b358-421322f94765,ad0cd2b1-60b2-4f4d-b00b-6079d28e17d2,A. shopping bag,1
15.48,e2566cac-613a-4ca5-95ee-850d92317482,de09f1fb-c776-46d0-84a4-0c41927db0cb,CORONA 6PKB,1
3,dfd9e75d-77bc-4598-ad73-6db091178332,9f9eeeac-1cca-4ef0-898c-b12b71520767,ΤΡΟ/2127159,1
1.5,e30cf3a0-5c63-4e02-aaa8-71a9a06ec46a,ee7c8f26-45df-4e59-90fc-28323f591abf,IKEA 365+ 1id rectan,1
11.07,510324eb-7c58-48c6-972b-a288c4e7e3d0,cbe59d61-2b28-4b58-918a-2c239cb73f0c,3 Egg n Cheese McMfn,1
19.99,b5c3d883-24ce-4396-a344-ff7d842a10c9,77af7a05-8eff-41ee-96d8-9a1b413a2351,KS SCENT BAG,1
1.96,0029eb26-dfb5-4117-a118-fecf0baeda03,eff68501-b3ae-4285-acf6-7e7e66c73b56,EXCGHBARS 2 FOR $10,1
77.13,7c9128bb-44d9-4794-a959-ebaa7003736f,4f3c6f9d-be19-4b15-bbe2-2d9b136f44f7,Unleaded Fuel,1
49.99,7d7cf98f-d7c9-4ad6-80d0-4abee2ba1c74,b3393f55-1c38-4ec7-a78f-9ceece8212c0,"TRIMMER STRING ELECT. 3.5AM 12""",1
5,263fedba-9408-42c2-8097-7038f4b05612,bea1d458-53a6-490d-bfc7-35d73eb061aa,TPD/JOGGER,1
1.5,79dd6315-1c82-4baf-a556-db40607b62c9,4fbe3c44-0d33-4b9f-a544-a5837cde696a,RHINEST. STCKRS,1
0,131194c4-b37e-4833-b032-897af4656160,b595effb-2b84-46ab-b421-f49e61fc8133,PLAIN NAAN,1
14.99,e3364ad6-94cd-473b-a82f-059132915c1e,8b048eb9-1c0a-4e15-8ab4-b95e3f175c6c,CHANDI BHAVAN SONA MASORI 20,1
4.39,e0f1c2c0-60a4-43e9-ad51-cb3c5fe64d99,6b428419-f00d-4e76-a890-51bff6cf45ba,M Fries,1
4.79,f4d98277-871c-4b8d-9905-b3c0877c006f,fe6a3977-8636-44dd-9c64-2441e4e74d5d,SUGAR 4 KG,1
9.98,6e8dcc18-d2a9-4618-9528-12d213b0a5ec,6644b506-3124-44ec-9072-21148f933569,WDFL PIST NO,1
18.99,f4d98277-871c-4b8d-9905-b3c0877c006f,686e2039-cf14-4df9-ba07-6cf85b0a78e6,SAPORITO,1
8.99,263fedba-9408-42c2-8097-7038f4b05612,e3aa85fe-8c17-435f-9bf6-c5d515df15ce,STRAWBERRIES,1
5.77,b7cea157-701f-45cb-b831-8934e259132f,755ac1f4-a324-463c-872b-78289ed84782,VERKA BESAN,1
25.13,edf54356-801e-4cd2-9045-eadcec079d3e,5a3ed7f4-67b2-4573-a4ff-6299a418cf40,SUPREME,1
4.25,88126b55-5720-4d8c-9298-9f469360b5e5,347b02df-bfb0-4999-a5bc-27af32c7da11,CLEANER,1
2.84,580a0e8e-6c93-41ae-8d6f-f4fa05cae95d,d006ffab-900d-4e1e-9836-d4cff1ee6e61,CUCUMBERS MI,1
2.97,b7cea157-701f-45cb-b831-8934e259132f,2c60e2f3-2595-459c-947e-dcbbe6331541,3 DAHI 750G,1
6.99,4c70e3a7-cdd0-49c5-a2d9-1b596c386591,a4891aee-0f01-419b-ae84-84d111cd7fc0,Yellow Onion,1
11.94,5cd4bf00-a912-455a-aa7f-c2232813ce32,d60c67de-8812-4aab-b8e3-e2bb4f34f5bb,ANT PET HANG,1
1.12,a54604bc-a6eb-4c7d-92b9-b914ae53efab,5e41bb40-4680-4360-a4e5-17c7293aff5b,MARVEL CHARACTERS EMBROIDERED STICKER P,1
0.92,f4d2008a-698c-4ed4-8c51-778f26b02259,5ad44d27-bacf-4675-8c30-def12b9663ca,Halo's meat,1
19,b1674148-2d59-4560-a48b-a4199c5bde90,d113e158-22ee-4ad0-b9e7-d9ea40c3b333,FLORALS,1
3.58,49e347c7-a471-4ac0-ad01-95a1c36526e5,5e10c9e7-6439-48c7-88dd-bb3366c75952,Penalty/Interest,1
74.73,211c5501-5eb8-401d-9db9-26a040a72c3a,496b5700-25e9-41a7-8b52-27960dbaec0b,Unleaded,1
6.99,01c8e89e-90d6-48fd-a916-87034a4da925,e20b19af-42b4-42fb-9772-0e7d43fadd22,Telugu Upma Rava 4lbs,1
0.94,087652a2-86a8-44a9-a032-e3d748b0aaef,07e95f96-30de-4cda-9407-448a5eb0f707,CUCUMBERS SE,1
1.25,ac8d5724-d016-4b64-8705-ae0e195774a3,51d2a30a-0dee-49f0-9443-0259c2ae072b,MET SCOURING PAD,1
9.99,b1674148-2d59-4560-a48b-a4199c5bde90,3b920d96-daee-416b-abe4-f81b4b11ca3b,PHOTO FRAMES,1
24.99,e30cf3a0-5c63-4e02-aaa8-71a9a06ec46a,1eb5cafd-de02-41e3-9ab0-1061cbc60c62,"RUNNEN deckn, outd 0",1
32.99,640011c4-8b1e-4fcf-8aa1-2476f3339f27,c0cdbb45-f2f3-418e-955b-510f1372547c,"WI 21"" KD PNNY",1
9.62,0ba02a93-2267-4cf2-be7d-65bb02b0ecf2,3bc36a35-27e8-4870-b3e4-b0fe68a34288,CHICKEN Wing,1
100,3957fbcc-c350-4e90-aef4-3be5042a0ca3,4b375981-c7eb-4e49-a290-554a46f7674c,"A/C Diagnosis
Requires A/C Compress & A/C Condenser - $1600.00
HST (ON) on sales",1
3.48,5a8a61ca-ae24-4124-884d-203f827ea4f6,9be52b25-9b2f-4283-b7ee-f5d6d783bd8e,ASTRO YOGURT,1
21.99,fb3a5657-9fb5-45bc-8233-89d6db9f4180,e0780a8b-fe38-4d7f-9336-e563596fbfa6,Telugu Sona Masuri Rice,1
2.99,b6141ec5-dc95-44c3-92b2-6ad3214313cd,3fd962cc-66ad-4236-9b5f-538bc1756222,ORG FT BANAN,1
4.97,a68865be-4f30-4c7c-9f8c-17b859372257,df765b2e-ce19-42b7-af14-fd514eb3246e,YFM LEMON,1
24.99,b6141ec5-dc95-44c3-92b2-6ad3214313cd,afa995c7-8762-47e1-9e8b-81fbe34e7417,KS TOWEL,1
2.75,88126b55-5720-4d8c-9298-9f469360b5e5,0fd585bb-ae8f-4a50-9021-f52bd70b1ef7,STORAGE BIN,1
1.44,e8c7c221-9b41-440c-a359-16354b322cc9,7da0ed34-d185-45cc-a319-65a7a5ef3fad,BLUEBERRIES,1
7.99,931e7732-871e-4289-9f48-09f39440945d,7c31c1bf-ea9e-44fa-976c-2410e20402a1,CHOCOLATINE,1
1.99,3ab8b4c2-824a-497e-9ee6-8981dac114cd,9333598d-aee0-4132-bc6f-31fab668a96f,Crayola Ltd Editio,1
3.99,d86595e3-5054-4e25-ac33-f9c8131353f3,417f3c82-4f83-43c3-8b2e-a99c9b624124,SAFFOLA MASALA OATS : 500 GM,1
78.98,e55f05a2-f50a-4762-8651-4df1beb0809c,4a2fe845-2423-43a8-9d5a-67d073338f13,INK,1
4.75,ac8d5724-d016-4b64-8705-ae0e195774a3,910eb175-8311-420c-9513-2dbeef3c176c,EXT. CORD,1
21.99,4c393d2f-337c-4cd4-b855-266d3c5d2e0b,3bcde503-2dbe-41e4-857b-c143d1f18601,KS WALNUTS,1
3.47,087652a2-86a8-44a9-a032-e3d748b0aaef,cd991325-3fef-4544-a053-65258f7c0112,DEMP 100WW,1
3.48,0029eb26-dfb5-4117-a118-fecf0baeda03,b86627f4-acf2-4098-a4c7-9334db6b1822,ASTRO BALKAN,1
2294,4735b202-0ea0-40f2-b599-c7441d70171b,915ab080-52fd-4a24-9be4-539d3a236962,"14-inch MacBook Pro - Space Black
With the following configuration:
14-inch Liquid Retina XDR display
Standard display
Apple M4 Pro chip with 12-core CPU, 16-core GPU
and 16-core Neural Engine
24GB unified memory
512GB SSD storage
70W USB-C Power Adapter
Three Thunderbolt 5 ports, HDMI port, SDXC card slot,
headphone jack, MagSafe 3 port
Backlit Magic Keyboard with Touch ID - US English
Accessory Kit",1
1.19,5cd4bf00-a912-455a-aa7f-c2232813ce32,2d2408e7-d8b9-465c-9b14-d516fe2469c8,TABLE SPLT,1
3.99,f4d98277-871c-4b8d-9905-b3c0877c006f,28468623-69ae-4d32-bfd6-9ba33bbe1b1d,GOLD POTATO,1
0,131194c4-b37e-4833-b032-897af4656160,41394e92-13ef-467a-98b1-771cb84dd308,BC GC SP GJ,1
32.99,ce01eb11-4324-4025-9c6b-f50bb594efec,039726d1-77ef-4225-948a-5abcdde71c07,21 WT CZ WHL,1
15.48,087652a2-86a8-44a9-a032-e3d748b0aaef,b296c910-dc93-47ce-87d4-a9f0f3e6e136,CORONA 6PKB,1
1.69,f4d98277-871c-4b8d-9905-b3c0877c006f,e96b585e-1e4a-422e-a082-ce747e4e9ae4,BANANAS,1
2.5,79dd6315-1c82-4baf-a556-db40607b62c9,c263d9d7-2b2c-40dd-ac15-8a71ec26c06f,CANDLES,1
6,f4d98277-871c-4b8d-9905-b3c0877c006f,250a31fb-e903-412f-a3ce-19b047dc8954,TPD/4681000,1
1.5,79dd6315-1c82-4baf-a556-db40607b62c9,b762ff85-cda3-4b3f-a708-d522650c046a,MEASURING TAPE,1
8.99,a54604bc-a6eb-4c7d-92b9-b914ae53efab,bbe0e45e-6077-4ec7-bd47-8554e36b279d,MARVEL STICKY NOTES SET,1
0,f361abef-7ae4-43ec-9e26-2f7ca04056ca,3ef543bf-610f-4d79-b4da-84f4cca3c8d4,Ranch,1
24.99,9c83240a-496e-4a09-8920-11ca59c567db,70f8393f-627e-4e62-88f9-338549556f26,**KS TOWEL**,1
0,b1b3d156-d270-4a9d-8ea8-428ba0fc4fd2,1dc0d3f6-04ad-4e92-8aff-7f2a3754b5d0,Remove & Replace A/C Compressor (2-Year Warranty),1
3.47,78604ca3-e9f5-47fc-a7a7-9f38b4d0fd82,7ca238a2-5b51-4f7e-baa5-807a8a8be5b9,DEMP 100WW,1
1.94,78604ca3-e9f5-47fc-a7a7-9f38b4d0fd82,b1741634-e21a-4fc3-8251-6ab31f29d1e9,HERBS CILANT,1
5.83,b5742567-22cc-4c40-b1d0-4209a64dbc5e,3dff6f1d-abdc-4f26-8ddb-8dfdc290e915,IYAPPAA TINDORA,1
1.99,3ab8b4c2-824a-497e-9ee6-8981dac114cd,9045d8b9-07f1-4ea9-8d5b-d7715338b2d3,Crayola Ltd Editio,1
4.99,b1674148-2d59-4560-a48b-a4199c5bde90,62fb53e9-46d4-4687-a7c2-4f2a97948ffa,EVERYDAY Q LIN,1
3.48,e8c7c221-9b41-440c-a359-16354b322cc9,671f1924-d580-417a-be1c-eb361e0c3405,ASTRO BALKAN,1
0,0e71a6bb-26b0-4b2b-8d3e-7a5d0254e8e5,62d41810-2317-40c4-ae47-f69e1130a291,HM Orange Juice,1
168.99,d25820e2-dc6e-4cc0-aca1-747ed22372f6,135983c9-64e9-40eb-bdf2-b0c0d2e15583,SHOP CHARGES,1
3.99,64d52603-6abb-4182-bb63-f1a89858bae6,d6bcd09c-88e2-4e39-8d97-0db40d5998df,BR MILK BIKIS FAM PACK,1
3.5,79dd6315-1c82-4baf-a556-db40607b62c9,ded2b3e2-2b50-467b-9d30-9469baf6be84,MOP HEAD,1
10.55,01c8e89e-90d6-48fd-a916-87034a4da925,823987d7-be01-4fce-933d-6f8672acb2cb,Beef Liver,1
1.99,3a9da0a9-e034-4f5a-b358-421322f94765,bd748720-6ceb-4961-b7c9-92f2fde61de2,Samba Wheat Noodles,1
4.99,01c8e89e-90d6-48fd-a916-87034a4da925,6f14676b-36f2-4c35-8b07-1bbcf741f445,Karachi Fruit Biscuit,1
2.08,d86595e3-5054-4e25-ac33-f9c8131353f3,d2284b4d-881b-44ff-b927-118992306b25,BIG EGGPLANT,1
2.47,e2566cac-613a-4ca5-95ee-850d92317482,0ccc0587-7bce-4916-9869-ee4e82f95ec1,CLA SLT 200G,1
4.99,f4d98277-871c-4b8d-9905-b3c0877c006f,ef242a1a-01dc-4d0b-8319-d625d243022a,UNSALTED BTR,1
26.95,dfd9e75d-77bc-4598-ad73-6db091178332,ec87f204-d1ae-4adf-a9d1-a034656875fa,OMBRELLE,1
1.79,3a9da0a9-e034-4f5a-b358-421322f94765,b0e91466-137d-4bd6-9a43-746bea54f79c,MM Coconut Laddu,1
10.98,f5c104b7-3b47-4d8d-a21e-2b331b7a9558,1b3edc00-cb68-44f0-b0db-4c7786edd444,GV SHP 71-90,1
6.99,263fedba-9408-42c2-8097-7038f4b05612,537fd05a-409d-4af7-8f77-f9203ec48be3,SUNFLOWERIL,1
0.94,e2566cac-613a-4ca5-95ee-850d92317482,384522ee-bbab-4c2a-80da-8a8074f8fba9,CUCUMBERS SE,1
9.99,41d3386d-a294-48b5-97db-548814c7898c,22f11db5-baed-4ca4-8b41-602fa730bace,JEWELLERY,1
18.99,c85fe9c9-fba9-4c7a-bdc2-b2f3a11bb583,ab41e188-11f0-4e79-8580-c713de252987,Murgh Dum Biryani + Medium,1
3.49,0ba02a93-2267-4cf2-be7d-65bb02b0ecf2,70b51016-ee42-4b4c-b4fb-6fe01b9827d0,POTATOCHIPS-SEASALT,1
5,276411f2-e567-4fcb-a4ed-854dbcf1f954,6d166bd4-30a0-4491-8be7-c902ed5f467b,CAPRI,1
1,41d3386d-a294-48b5-97db-548814c7898c,20b897e4-05a5-40b6-964d-9caac67dc961,CANDIES/CHIPS,1
10.88,e999851c-a52f-4f1d-a861-d341fe35dc59,78d2c8be-b503-425d-b866-bda251a059b1,HOMO MILK,1
21.99,f4d98277-871c-4b8d-9905-b3c0877c006f,a44c21a6-3750-4efc-8c1a-0634b2207301,**KS BATH,1
3.97,0029eb26-dfb5-4117-a118-fecf0baeda03,d63effc9-374b-414b-9393-a4894e2dbe64,GRUAU,1
1.96,f5c104b7-3b47-4d8d-a21e-2b331b7a9558,dad65467-bf09-4582-a22e-97751d3da79b,FAMILY BAR,1
2.99,e30cf3a0-5c63-4e02-aaa8-71a9a06ec46a,69a4ab81-454b-4b11-ad30-a6c7f8622a43,HÖLASS bin w lid 8 1,1
2.98,b5742567-22cc-4c40-b1d0-4209a64dbc5e,784666df-6a86-4330-b3c7-72668b06ea7b,CUCUMBER,1
3.5,ac8d5724-d016-4b64-8705-ae0e195774a3,f923b322-181f-40fe-ac55-fe8a907b99d1,JAR,1
19.97,f5c104b7-3b47-4d8d-a21e-2b331b7a9558,d71d3952-8603-4799-bcb6-c683bf33d7b1,BACKPACK,1
1.99,e30cf3a0-5c63-4e02-aaa8-71a9a06ec46a,7c05d1b9-bcff-4c90-9794-f67237b0a9a0,HILDEGUN oven mitt N,1
11.99,3a9da0a9-e034-4f5a-b358-421322f94765,8fbf4c20-e92e-439f-87d6-0a0d376b6414,PARACHUTE COC OIL 1L,1
4.99,3a9da0a9-e034-4f5a-b358-421322f94765,7cc736ee-1b49-4a31-b778-9577bb6e13b5,Laxmi besan 2lbs,1
7.47,276411f2-e567-4fcb-a4ed-854dbcf1f954,a84c057d-2557-4f5e-b1c6-86786c85b6ce,ONION454 KG,1
10.88,0029eb26-dfb5-4117-a118-fecf0baeda03,70081446-6125-44a8-9120-aa70e1dc47a1,4L HOMO MILK,1
1.49,ff4bf154-4502-4c87-a756-a0c2d7c69b95,66d93dcb-cb79-4099-a065-8636553fe94c,GROCERY SELECTION VAN. WA,1
1.65,b7cea157-701f-45cb-b831-8934e259132f,bb6fb27e-4bd7-440d-a9f1-76c848c50675,GINGER,1
9.99,804645c4-9987-41c3-9b10-364a1e5a0e32,8b171dec-05f7-455c-9063-26f60d43d3a5,OBALL RATTLE & ROL,1
11.89,f361abef-7ae4-43ec-9e26-2f7ca04056ca,3f8cccde-c152-4f09-aa51-f24b46386638,CobSld Nug,1
3.07,f5c104b7-3b47-4d8d-a21e-2b331b7a9558,fab162b0-23a6-4281-b49d-b9069e10f9c7,EGGPLANT IND,1
12.49,80fe63c1-25ab-4498-9b39-679bab6abb8e,ebda9e3d-ef1c-4f68-a9fb-146e02df7575,KS ORG EGGS,1
6.69,0e71a6bb-26b0-4b2b-8d3e-7a5d0254e8e5,21b61c0d-949a-46d5-a99d-36ed03cc4b38,Egg n Cheese McMfn VM,1
1.99,3ab8b4c2-824a-497e-9ee6-8981dac114cd,638d11c9-0f39-4956-b677-eea0e95998f4,Crayola Ltd Editio,1
3.99,64d52603-6abb-4182-bb63-f1a89858bae6,b50a5692-6644-4ce4-a20a-8074d3de1f9a,LUXMI WHOLE MOONG,1
0.94,e2566cac-613a-4ca5-95ee-850d92317482,e3ec6251-beee-478e-b2a9-ead8c41a1a3f,CUCUMBERS SE,1
1.5,79dd6315-1c82-4baf-a556-db40607b62c9,1a45ea77-b299-4707-862b-14478079f538,LATEX GLOVES,1
3.99,41d3386d-a294-48b5-97db-548814c7898c,6d1e0321-6cca-4394-bf5f-d93a7f6460f8,BAKED,1
24.99,263fedba-9408-42c2-8097-7038f4b05612,d34123b6-3a3b-4639-8c23-9f0780e39709,CLOUDVL PANT,1
0,965f7a54-9db7-4778-acaf-e93a555ca66d,b90dbac1-8405-418c-89d1-a55ff6c83ca5,ADD Cream,1
3.47,087652a2-86a8-44a9-a032-e3d748b0aaef,bbfecf76-0d02-4110-8b48-9935e310e197,DEMP 100WW,1
1.25,ac8d5724-d016-4b64-8705-ae0e195774a3,91d13178-03f7-422d-9281-03833a6be7c4,12 WOOD PENCILS,1
2.41,64d52603-6abb-4182-bb63-f1a89858bae6,e2e5f538-d8b1-4c07-a7ea-deefd0fb596e,ASH PLANTAIN(LB),1
3.48,6e8dcc18-d2a9-4618-9528-12d213b0a5ec,53fc3efc-0c80-4e75-a2d1-b5ceb2d1d96b,ASTRO BALKAN,1
8.99,22d35c96-ea46-4052-889a-b9f3a10dd8e5,b4b54f3a-1cb5-4017-afa4-ad18910a106b,ORGANIC HOMO,1
1.77,f5c104b7-3b47-4d8d-a21e-2b331b7a9558,ec914aba-5a2b-477e-9b45-8249136ca12c,GV VINEGAR,1
0.96,e8c7c221-9b41-440c-a359-16354b322cc9,8896cdba-ce7b-41de-a49e-edb1f9ed45f4,BANANAS,1
4.25,e79c0b78-a59d-4659-9553-d03ddc8939e0,343dfbb8-7633-4560-996b-2dbdfc5631d5,TOMATO ON THE VINE 0.645 KG,1
3.47,78604ca3-e9f5-47fc-a7a7-9f38b4d0fd82,bf36e4ba-c1b2-4597-bbf8-dd5bf201bbf0,DEMP 100WW,1
2,6e8dcc18-d2a9-4618-9528-12d213b0a5ec,0feb93c8-7b39-41a8-a7c7-a7f18c5f2dbd,GF MINIONS,1
10,41d3386d-a294-48b5-97db-548814c7898c,a845c587-99d2-4dee-8041-2d74634423c7,MEAL TO GO,1
0,f361abef-7ae4-43ec-9e26-2f7ca04056ca,103e2a7c-46c5-44d4-986b-13c12410f4d0,Avo Ranch,1
1.49,01c8e89e-90d6-48fd-a916-87034a4da925,8847f43b-561a-41b4-9a9e-e604096d1079,CURRY LEAVES(EACH),1
3.5,f4d98277-871c-4b8d-9905-b3c0877c006f,92d11dfc-0932-4da7-9c38-9051370145df,TPD/6647644,1
2.99,e30cf3a0-5c63-4e02-aaa8-71a9a06ec46a,70c1ddb1-7191-43ba-9603-0df776006b99,VÄGSJÖN washclth 30x,1
10.17,e0f1c2c0-60a4-43e9-ad51-cb3c5fe64d99,05ea0045-82f7-4129-801a-05ecff0ed4d2,Cheeseburger,1
7.77,5a8a61ca-ae24-4124-884d-203f827ea4f6,99df3574-7633-4378-b032-518033ed9ed1,BROWN 18,1
3.47,78604ca3-e9f5-47fc-a7a7-9f38b4d0fd82,ba74ea16-dd6a-4c45-8307-0eca08ac6b7f,DEMP 100WW,1
5.99,e79c0b78-a59d-4659-9553-d03ddc8939e0,c9f9496e-b98f-4abe-9507-d0831e594dda,YOGURT DAHI 3.2%,1
4.99,324ca7a5-30e8-43df-be01-b27adc23678c,a86ba44e-affa-498f-965c-3bf885816b19,Saputo Parmesan,1
19.97,5a8a61ca-ae24-4124-884d-203f827ea4f6,edb0f22e-eee5-4a44-a880-bfe5bf20be89,BANANAS,1
24.99,640011c4-8b1e-4fcf-8aa1-2476f3339f27,322ba071-f167-43c4-a389-be15c85f7fbd,MC PORT CHAR GR,1
45.95,dfd9e75d-77bc-4598-ad73-6db091178332,8d55e767-7cdf-43bc-83e4-147cb250f74b,HUGG PU 2T3T,1
2.99,c1718fc5-f799-4e71-a36f-4e2e3fd0a0fa,95c795cb-9fcd-4227-8854-4e119f478d57,RED ONION : 2 LB,1
3.48,e999851c-a52f-4f1d-a861-d341fe35dc59,82231596-6dde-4936-9d65-9a1f5b549143,ASTRO YOGURT,1
1.5,79dd6315-1c82-4baf-a556-db40607b62c9,086f8f15-7981-4d44-be3b-8e20643c6ce2,CRUSH ORANGE,1
6.76,a54604bc-a6eb-4c7d-92b9-b914ae53efab,02d04299-0817-46a5-986d-98697dd9714d,MARVEL CELLPHONE POUCH CAPTAIN AMERICA,1
4.11,3a9da0a9-e034-4f5a-b358-421322f94765,70299770-6570-478f-871c-5d037efd7d7c,Potato Loose,1
13.99,dfd9e75d-77bc-4598-ad73-6db091178332,2d000dbe-57aa-4f24-a9bb-ecb688cf3fcd,2PC NOZZLE,1
19.99,263fedba-9408-42c2-8097-7038f4b05612,e65484a5-5a5d-4a3e-aa10-1d7b8edd5cea,KS PISTACHIO,1
34.25,98116f25-fc5b-4ce8-8451-5c3708960b05,d074820b-322e-428f-95c9-3e8bd01e0ba5,Unleaded,1
3.47,e2566cac-613a-4ca5-95ee-850d92317482,77523237-e5a1-4430-ad13-fc38da3af793,DEMP 100WW,1
2,dfd9e75d-77bc-4598-ad73-6db091178332,0029f0d0-24eb-49b6-b191-00e827209f74,TPD/242470,1
27.99,bca3ce2b-0ee6-4085-ae7d-4a3598d3c0d9,f343688f-a737-4c2d-9ff2-72cf1f688d08,PLIJA,1
6.99,fb3a5657-9fb5-45bc-8233-89d6db9f4180,cb0d1513-4d5e-4b75-b313-55f95565482b,Yellow Onion,1
8.57,e9a9eef3-b150-4bb4-b25a-ba238c93b0f0,64ba3242-8dfe-4a55-a55b-5597d47d84ab,JJR,1
7.99,9c83240a-496e-4a09-8920-11ca59c567db,b4e0d14b-cdfe-4792-a87a-a193e9d6a32a,CHOCOLATINE,1
1.78,bca3ce2b-0ee6-4085-ae7d-4a3598d3c0d9,d9dff5f7-5e5e-4872-a001-5665fa458c16,LEMON YELLOW,1
4.99,e30cf3a0-5c63-4e02-aaa8-71a9a06ec46a,86bf2f20-93a7-46c0-8fd8-3cc2f1d170b6,SOCKERBIT box 19x26x,1
4.32,6e8dcc18-d2a9-4618-9528-12d213b0a5ec,f050f217-a191-4729-8238-fccb94584ad1,ASTRO TUBS 3,1
0.97,e2566cac-613a-4ca5-95ee-850d92317482,22a0987e-e7ad-40ee-8fb2-300687567656,ONION SCAL,1
64.95,dfd9e75d-77bc-4598-ad73-6db091178332,cccb00db-4c87-4529-9429-53de6b9ee71a,LASERILASTER,1
2.77,e79c0b78-a59d-4659-9553-d03ddc8939e0,1b412115-ca36-4526-88fe-54bffba5fcf7,BREAD WG 600G,1
11.99,4c393d2f-337c-4cd4-b855-266d3c5d2e0b,53ff78fd-9624-4ed9-baee-d082ad3b07b8,GALA APPLES,1
2.99,64d52603-6abb-4182-bb63-f1a89858bae6,c3c97a45-ab08-4b68-9d00-7a344f56da9f,Telugu Chekkalu,1
3.65,41d3386d-a294-48b5-97db-548814c7898c,fcc93e74-f7d1-4876-aa0f-f83dbfaac19c,EGGS,1
5.99,b1674148-2d59-4560-a48b-a4199c5bde90,2605cccc-009e-412a-b8ea-e301db1ba0d0,KITCHEN/ACCESS,1
10.77,087652a2-86a8-44a9-a032-e3d748b0aaef,39f3f03e-87ba-4768-bfac-f5063fe670ae,HEINEKEN 00,1
2.49,e30cf3a0-5c63-4e02-aaa8-71a9a06ec46a,17b38c23-1e84-44cc-88f0-d05ab3f2b91c,IKEA 365+ food cntnr,1
0.05,bca3ce2b-0ee6-4085-ae7d-4a3598d3c0d9,13bc57a9-40d9-46b4-9af6-563b4fed20f0,PLASTIC BAGS,1
34.99,40642b1a-9599-4210-bccd-b689c84ecbc5,741a4efc-329c-4534-ae5a-11375b111332,Shirt S&T,1
1.75,79dd6315-1c82-4baf-a556-db40607b62c9,38e9db74-7284-484a-832a-965f18998c10,CANDLE IN JAR,1
34.97,b7cea157-701f-45cb-b831-8934e259132f,f9662fcb-cf06-49a3-a0da-66bfcad7e8aa,ENFAGROWA VA,1
15.99,f4d98277-871c-4b8d-9905-b3c0877c006f,d0fe319f-af4d-420a-97e8-97f75c02149b,HEAD MESH,1
1.99,42f513d8-d453-4cb2-a4dc-4ece8f7b4068,a79e101b-d2f9-4f29-8274-c08466da7d01,Pvs Peanut Chikki Bar 175g,1
3.44,e3364ad6-94cd-473b-a82f-059132915c1e,97f0dc88-3609-498d-8221-6d3a702fd853,OKRA INDIAN,1
3.97,f5c104b7-3b47-4d8d-a21e-2b331b7a9558,f56f6274-42e2-4ac2-8c8e-258ef9959aef,EAGLE REG,1
3.48,6e8dcc18-d2a9-4618-9528-12d213b0a5ec,35cf1e96-b771-4b1c-b08f-90f77df76a65,ASTRO BALKAN,1
37.5,dbac6251-b5ec-4d34-b4a6-23bdaf5b3a7e,e859b662-a219-4467-8578-7e766c9c000f,Brake Hydraulic System Bleed,1
7.67,e8c7c221-9b41-440c-a359-16354b322cc9,10c8eb9f-1140-42f3-904b-56a35a92d4f7,FRRUN OMEGA,1
5.89,58bc0874-096b-49d1-8cf6-86e9ca368fdd,2965b9fa-4a58-4ccb-8f07-e749b6a2a7f5,STRAWBERRIES,1
1.44,5a8a61ca-ae24-4124-884d-203f827ea4f6,1d6f2232-ab62-4bfb-89c7-1f6dfb4edbf8,ASTRO TUBS 3 FOR $9,1
37.45,d25820e2-dc6e-4cc0-aca1-747ed22372f6,661dd82f-9c0a-479e-bc03-55ec63a8d6d3,Castrol EDGE SP,1
1.12,a54604bc-a6eb-4c7d-92b9-b914ae53efab,03804693-b317-406c-8c93-597ea8bca735,MARVEL A1 COLORING BOOK,1
175,dbac6251-b5ec-4d34-b4a6-23bdaf5b3a7e,079254ae-f25e-43d2-8fc7-c0e7a4ff6550,LABOR - REAR BRAKES,1
9.99,4c393d2f-337c-4cd4-b855-266d3c5d2e0b,7a6cefc0-72c1-4391-9edf-c03bda863c33,FORELLE PEAR,1
14.99,4c393d2f-337c-4cd4-b855-266d3c5d2e0b,1b870bb3-b6eb-4f2d-a03b-d5e876fa44e1,NE CAFKICH,1
7.08,6e8dcc18-d2a9-4618-9528-12d213b0a5ec,0f36ff8f-068a-47de-9077-e04d349d9b68,GRAYRIDGE LG,1
4.99,f4d98277-871c-4b8d-9905-b3c0877c006f,ae9a76ff-27a5-4b77-97b0-b945cefa2bab,UNSALTED BTR,1
2.34,01c8e89e-90d6-48fd-a916-87034a4da925,f2f2d030-7565-4ee6-bd7c-b02be7404d0f,Potato Loose,1
4,79dd6315-1c82-4baf-a556-db40607b62c9,71fad9c2-6672-4850-a805-77487810b108,SLIME,1
31.98,e6cb5f80-7cf2-4826-978a-96baff80c880,a79f9f2b-0779-4884-85ab-2ac1c91574d2,Chicken Fry Piece,1
101.86,df683175-8acd-4af4-999f-c48a06806330,e3e4759a-68f9-401b-bbe1-186b74290944,WATER CONSUMPTION,1
7.38,2777c8bd-173a-4b9c-be96-b5a15eea6b00,19d8aabb-ad28-4724-b830-de4501584250,Egg n Cheese McMfn,1
4.49,42f513d8-d453-4cb2-a4dc-4ece8f7b4068,27373242-a7dc-43bc-9bbd-0cb3962cf643,Astro Balkan Yogurt 6% 750g,1
19.99,3a9da0a9-e034-4f5a-b358-421322f94765,116d7af8-e943-4117-95a4-6e2d9a362364,Laxmi Cold Presseed Pea,1
3.48,e8c7c221-9b41-440c-a359-16354b322cc9,1d1d763e-eecb-4fb0-8c35-c2f557c09a26,ASTRO BALKAN,1
3.48,e8c7c221-9b41-440c-a359-16354b322cc9,d56a50c0-2afa-4095-861f-4458a7f8b3d7,ASTRO BALKAN,1
2,dfd9e75d-77bc-4598-ad73-6db091178332,cdf7c199-ddbe-44e0-8883-e87c3d500869,PD/21366,1
1.44,e8c7c221-9b41-440c-a359-16354b322cc9,8de0fd12-4696-4f0a-ac61-9f829b79f87c,ASTRO TUBS 3 FOR $9,1
0,dbac6251-b5ec-4d34-b4a6-23bdaf5b3a7e,5f221392-d65e-4757-8414-ee457c484d2d,INSPECT BRAKE SYSTEM,1
4.97,b7cea157-701f-45cb-b831-8934e259132f,4a961d2b-bc33-4aa0-937f-d93263f4b183,POT YFM WHT,1
3,369cbc5b-c52c-47c5-96e9-3ad048b8a7fd,2e74ffd8-c910-4cc1-bd24-6305eefaff82,REDDI SNAC,1
5.99,f4d98277-871c-4b8d-9905-b3c0877c006f,af14c1f3-a989-4cce-82d1-62c71fd62b8c,RUFFLES ALL,1
7.99,f9d18c99-1ab7-4cb2-a7be-a8a3bc9b652d,e069c40f-9a06-4074-97f0-9506a0069fed,(PLNTRS LTE SLT,1
6.99,f4d98277-871c-4b8d-9905-b3c0877c006f,a9acb098-3b8e-4f93-86ba-f26d3f177d49,ORANGES,1
15.99,58bc0874-096b-49d1-8cf6-86e9ca368fdd,cf63e10f-f8ea-4fa4-8b87-027787b8e0a5,BLUJAY TEE,1
0.97,087652a2-86a8-44a9-a032-e3d748b0aaef,fe260f8a-7c89-468b-92bb-d4e2c82018c3,ONION SCAL,1
9.99,9c83240a-496e-4a09-8920-11ca59c567db,539f5791-519b-4ba2-bc5c-e85b8610487a,ORG HOMO 4L,1
0,e6cb5f80-7cf2-4826-978a-96baff80c880,4b08d1cb-c10f-4ab3-ab17-7f94d59a620c,Pulav,1
6.62,369cbc5b-c52c-47c5-96e9-3ad048b8a7fd,62eae274-c635-4577-8eb4-d75a0e54c3bd,OTV TOMATO,1
4.99,b5742567-22cc-4c40-b1d0-4209a64dbc5e,f77bf405-107a-4843-8e86-4e3826937fc4,WHITE ONION 10LB BAG,1
5.08,a8f6e2c7-a20e-47d5-96da-b29b989825e8,92adf616-6644-4b8c-8c5c-e447941e2147,HST,1
0.94,78604ca3-e9f5-47fc-a7a7-9f38b4d0fd82,3645de8f-551f-42df-955b-5c6830b2cc4c,CUCUMBERS SE,1
5,d25820e2-dc6e-4cc0-aca1-747ed22372f6,b30d4e8a-b097-4b47-aa5e-8a128c036aee,FRAM XG7317 OIL,1
4.5,88126b55-5720-4d8c-9298-9f469360b5e5,341edce4-2524-411d-8c7d-197e4154d161,CONTAINER,1
1.49,3a9da0a9-e034-4f5a-b358-421322f94765,dbbeae41-1ad4-4f71-b5f0-bfae8b83b7f1,CURRY LEAVES(EACH),1
39.99,e30cf3a0-5c63-4e02-aaa8-71a9a06ec46a,09db9731-574e-4a08-81fe-8e72e6f933b3,"SMASPORRE duvet, lig",1
3.98,e30cf3a0-5c63-4e02-aaa8-71a9a06ec46a,877df6cc-b2df-4e62-bb43-e894e4ca98cb,OFTAST bwl 15 light,1
23.99,9c83240a-496e-4a09-8920-11ca59c567db,bd38915d-1ac1-4c7f-80ab-37586082664b,QUANTUM,1
0.33,bca3ce2b-0ee6-4085-ae7d-4a3598d3c0d9,1f7b5735-819c-430b-8415-e0c9c9e3d65f,ALPENLIEBE ORANGE LOLLIPOP,1
7.08,5a8a61ca-ae24-4124-884d-203f827ea4f6,e36918fc-b415-40b5-aea0-e396a0fdaa25,BOYS SOCKS,1
0,5fbf314a-f173-430b-9a25-de147b30140f,ed5a58ed-41d2-4414-9510-411b225276b0,TJXVGC,1
14,e999851c-a52f-4f1d-a861-d341fe35dc59,3a08923e-507c-407a-bb87-7dd8b53a4698,PRIME RWA DR,1
9.99,80fe63c1-25ab-4498-9b39-679bab6abb8e,1ae2bf95-af2e-46ac-8f02-ff38c8187166,ORG HOMO 4L,1
3.5,79dd6315-1c82-4baf-a556-db40607b62c9,40fb4185-41ee-4ed3-9cca-ffdf4d67944f,BOOK,1
1.47,e55f05a2-f50a-4762-8651-4df1beb0809c,a5dccf7a-ada4-468d-be46-8a4f42fec32e,HR NA CHIWDA,1
-3,4c393d2f-337c-4cd4-b855-266d3c5d2e0b,33ae8436-5fbf-4300-a9ae-5932c6c93907,TPD/1572430,1
1.06,d25820e2-dc6e-4cc0-aca1-747ed22372f6,968d3e4e-96c4-4033-9b89-37c665390e7f,"1/2""-12MM VITON",1
0.3,510324eb-7c58-48c6-972b-a288c4e7e3d0,16dea969-2c1d-49cf-a207-b9797c160a77,M Coffee Regular,1
21.99,ea5b27ec-ec0e-48a5-b253-0ad89c0d80c6,56663bba-a2e6-464b-b78d-fa5a3a8ae7df,SICK PROBIO SBRY HMRJ,1
45.07,ee0ec601-bbe2-483a-9293-76d6135cd433,4ace0fa3-2a7a-4667-bfa2-39ea8eb2be39,SUPREME,1
6.75,a54604bc-a6eb-4c7d-92b9-b914ae53efab,386645f0-cbba-4f1a-8086-eed73fc4b8af,MARVEL COIN PURSE. CAPTAIN MARVEL,1
2.5,79dd6315-1c82-4baf-a556-db40607b62c9,e081391f-fb84-4bc8-b3a6-ad1b36ba14cb,ACTIVITY BOOK,1
4.33,3a9da0a9-e034-4f5a-b358-421322f94765,2a40fe99-8caa-4c8b-9a8f-62cec5053693,Mandarine,1
4,369cbc5b-c52c-47c5-96e9-3ad048b8a7fd,c624feef-a598-4541-86f0-360df71a5c37,HW BSUIT,1
6.27,f5c104b7-3b47-4d8d-a21e-2b331b7a9558,7d22d7ed-356b-4bea-9975-f6c32cfa870c,KITCHEN CLNR,1
3.58,42f513d8-d453-4cb2-a4dc-4ece8f7b4068,27be94b7-cd47-4fca-a0d1-f1728df3c260,Paperboat Orange 200ml,1
3,276411f2-e567-4fcb-a4ed-854dbcf1f954,70b8acb2-d754-4e5c-a376-aa83fc1261a4,SKYDIAMOND,1
1.25,79dd6315-1c82-4baf-a556-db40607b62c9,4d495019-eacb-4cc5-9b7b-5b142e0f5ca9,KITCHEN FUNNELS,1
5,ac8d5724-d016-4b64-8705-ae0e195774a3,fe57270d-d06e-41b2-9dad-78aad4b9555d,SPONGES,1
2.13,b7cea157-701f-45cb-b831-8934e259132f,7f981ed2-81df-41d5-a169-79831e408f0e,BULK GALA,1
17,dcc24a06-47d8-411e-a864-68276602b076,3f2c07cf-8024-4233-a72c-a144b01a642c,Classic Poutine Large,1
3.98,e30cf3a0-5c63-4e02-aaa8-71a9a06ec46a,4a5c4872-eb72-42d4-838d-6d679b36f325,PÄRKLA stor case 55x,1
1.25,ac8d5724-d016-4b64-8705-ae0e195774a3,27739408-7cad-4559-996a-0c56a1c25acb,WIZCLOTH CLOTH,1
5,88126b55-5720-4d8c-9298-9f469360b5e5,df63dbae-5f25-43be-947e-a8715535e581,LEGO NASA MARS,1
0.5,ac8d5724-d016-4b64-8705-ae0e195774a3,9e5c126d-313b-4392-9d76-00f56bbf4944,RUBBER GLOVES,1
6.99,1a7edbfa-3ab4-4f97-8447-a7b5a62fcba4,5c8f982d-c8f9-4211-87aa-7abccf258161,Potato White Basket,1
-2,22d35c96-ea46-4052-889a-b9f3a10dd8e5,2428b6d8-f6eb-4779-83eb-5d7e9cb84920,TPD/1208941,1
0.75,88126b55-5720-4d8c-9298-9f469360b5e5,7733d30a-434b-4fae-9cbe-04ff6724dc6c,CHIPS 40G,1
3.47,e2566cac-613a-4ca5-95ee-850d92317482,6a34170e-7931-4b65-85a9-2f463ee9386b,DEMP 100WW,1
8.99,c85fe9c9-fba9-4c7a-bdc2-b2f3a11bb583,1e76702f-9c0e-499b-af13-bdd6693f3855,Pina Colada,1
2.99,4c70e3a7-cdd0-49c5-a2d9-1b596c386591,8e46f6cd-5ede-4377-b0fa-6bbb5c08daff,Tasty Nuts Hr Peanut Tasty 150g,1
4.03,5a8a61ca-ae24-4124-884d-203f827ea4f6,eaf8608f-4675-43e1-b544-81dd90605400,GIRLS,1
7.08,e999851c-a52f-4f1d-a861-d341fe35dc59,c9276470-0bc0-4de5-8b2c-262ab52b737f,BROWN 18,1
9.98,b7cea157-701f-45cb-b831-8934e259132f,e9a206b5-fdc6-4a95-ae7a-c3a3e42d4c98,PED COMP VAN,1
26,6b085fcf-8134-4740-aeef-d927ac958969,4644c93c-fbc0-47bd-9d95-3f5dd3434124,Haircut,1
0.94,e999851c-a52f-4f1d-a861-d341fe35dc59,e527780c-a9b2-4abe-a4e6-5f9a9822c578,CUCUMBERS SE,1
44,fa2e5655-49d1-4170-b0e7-73cba54a1837,b372df64-9f43-4456-9223-75578dc68b49,Children (3-12 yrs) - General Admission - August 2025,1
8.28,0029eb26-dfb5-4117-a118-fecf0baeda03,96923aaf-3099-43bd-b007-010afef8785c,UNSLT BUTTER,1
4.99,e30cf3a0-5c63-4e02-aaa8-71a9a06ec46a,14faefc3-ef30-46c8-871d-4fa43ac91e34,UPPFYLLD salad spinr,1
7.76,f5c104b7-3b47-4d8d-a21e-2b331b7a9558,c0cc200f-42aa-4787-9605-73fe369c514c,GL ORG UNSAL,1
6.99,b6141ec5-dc95-44c3-92b2-6ad3214313cd,b2ac4f18-d5b9-4246-8561-79f7116ef5c8,WATERMELON,1
9.49,263fedba-9408-42c2-8097-7038f4b05612,b2c5356f-7d2c-4bf5-9444-28d3adde1f59,ORG HOMO 4L,1
2.87,64d52603-6abb-4182-bb63-f1a89858bae6,cf6db908-2dd7-4544-bf7f-26c35434bbf7,Okra (Lbs),1
169.99,b5c3d883-24ce-4396-a344-ff7d842a10c9,a80b2d7f-ed89-43bd-9c7c-6aaf11610f22,DANBY 40PT,1
29.38,632e57b7-a067-4938-adce-8dfbd4d098d7,6260ee6c-5420-4d4c-9c31-0d3f49c60c31,Sathvik Nindujarla,1
27.83,263fedba-9408-42c2-8097-7038f4b05612,f55d4918-656e-42ee-80ef-ab8701a9904f,SALMON FILET,1
21.9,a350de4a-b735-49ff-ae21-24dfbd57ce15,c5e0556d-a8f3-4f5a-a4da-de66ab8a20a2,REGULAR,1
3.61,1a7edbfa-3ab4-4f97-8447-a7b5a62fcba4,d49ea74e-72b9-4ad4-950a-dae1f162762f,Peaches White Lrg,1
1.94,e2566cac-613a-4ca5-95ee-850d92317482,8a9b06ac-ac48-42fd-af18-4eac85d743da,HERBS CILANT,1
1.99,64d52603-6abb-4182-bb63-f1a89858bae6,77ea767f-746f-4724-8cb6-e4344ab8648d,Corriender (Bunch),1
1.68,b7cea157-701f-45cb-b831-8934e259132f,e8c39016-2b3f-4186-a667-86dc6bf1b46b,BANANAS,1
7.97,f5c104b7-3b47-4d8d-a21e-2b331b7a9558,ea8098d4-9062-4d5d-afbe-e8bcd1dc70f5,EASY WRING R,1
2.49,5a8a61ca-ae24-4124-884d-203f827ea4f6,d8d87d39-4652-471a-a7e5-c7fe4786f802,PEAR BARTLET,1
1.18,a68865be-4f30-4c7c-9f8c-17b859372257,7589f593-1303-4f86-96c6-1657f246bece,F20 SPKLNG C,1
1.99,e30cf3a0-5c63-4e02-aaa8-71a9a06ec46a,03773eb3-510a-4c91-9c70-b5d94ae27caa,PRUTA food cont w li,1
2.05,324ca7a5-30e8-43df-be01-b27adc23678c,c1710e1b-2de0-47fe-aa7c-aa5c4b0d6448,Banana,1
5.99,3a9da0a9-e034-4f5a-b358-421322f94765,eb333aa0-8b3c-4ac0-87d8-766c3040b59b,A Grocery No Tax,1
0.9,1a7edbfa-3ab4-4f97-8447-a7b5a62fcba4,e8c41bb7-b7b1-4850-aaf8-2c5b10ea422a,Corn Sweet Yellow,1
1,965f7a54-9db7-4778-acaf-e93a555ca66d,605c8c44-bb24-4e2a-a74c-5b45b9fd4c9a,Coffee,1
10.88,e999851c-a52f-4f1d-a861-d341fe35dc59,3eb8e0dd-10de-4a7f-a788-6ecd791601ba,HOMO MILK,1
0.3,e55f05a2-f50a-4762-8651-4df1beb0809c,150221fa-8204-4919-8733-269bfdd6411e,ON ECO FEE,1
6.98,f5c104b7-3b47-4d8d-a21e-2b331b7a9558,6db7a7dc-47d1-4a3a-89cc-e40d112c6d62,CH PRE BS PR,1
1.25,79dd6315-1c82-4baf-a556-db40607b62c9,54708693-3586-4ade-9280-9ebe50683ca1,EASTER EGGS,1
3.48,0029eb26-dfb5-4117-a118-fecf0baeda03,08e2845d-7572-4fbd-9d5b-ee4c5ead806d,ASTRO BALKAN,1
83.46,417791db-333d-4cb8-9936-ee80e49b5672,5869e5cb-71c5-4b2c-b93d-bd36b7c2e163,REGULAR,1
7.98,c85fe9c9-fba9-4c7a-bdc2-b2f3a11bb583,a8eb00ab-2a6f-46f6-a169-158361098950,2 x Garlic Naan,1
9.99,58bc0874-096b-49d1-8cf6-86e9ca368fdd,dfc16772-238a-476a-bc77-e6ffe1bad7b2,ORG HOMO 4L,1
9.99,ff4bf154-4502-4c87-a756-a0c2d7c69b95,86a6c6f1-e0da-495f-b8cf-ee67174b2542,FSB ASSORTED FRE,1
23.99,931e7732-871e-4289-9f48-09f39440945d,fe8787fc-792d-44a0-ae9c-f8fdac93dcb5,QUANTUM,1
3.97,a68865be-4f30-4c7c-9f8c-17b859372257,574cb22d-692e-4222-be4c-bb3d3e0fe1d0,YFM AMERICAN,1
10.88,6e8dcc18-d2a9-4618-9528-12d213b0a5ec,dce1e7f0-dd7e-4471-8076-73966d8b329a,NAT MLK ORG,1
3,79dd6315-1c82-4baf-a556-db40607b62c9,d469c94e-bee7-4f3d-b4d0-9fe3ed3d0f09,CONTAINER,1
2.96,e999851c-a52f-4f1d-a861-d341fe35dc59,e6ab4be1-a857-4d2e-878d-c4786842c17f,GARLIC BULK,1
14.99,3ab8b4c2-824a-497e-9ee6-8981dac114cd,5753e3be-42ab-4436-991f-17c6e1fb1343,POKEMAN LCD WATCH,1
54.99,e32c9d7a-efd4-480c-8dc7-d94ef03e5c2e,4a8104c0-7612-4537-ac4a-7f04b818ae8f,Linen-Blend Blazer,1
4.79,640011c4-8b1e-4fcf-8aa1-2476f3339f27,d7177034-3994-468c-a2ac-1f2bf73773e2,NM INC 4W £7 WH,1
15.99,80fe63c1-25ab-4498-9b39-679bab6abb8e,1e7ad68b-01c9-41a4-a291-2e9a91e939c6,BLUJAY TEE,1
2.99,64d52603-6abb-4182-bb63-f1a89858bae6,6248b023-f78f-4c6d-86b4-c03be76490f8,Telugu Janthikalu,1
2,79dd6315-1c82-4baf-a556-db40607b62c9,36eaaab8-0896-40f0-a7f8-253bc52d25ee,ICING BAG,1
3.49,64d52603-6abb-4182-bb63-f1a89858bae6,6c3febe5-e2c5-4350-91f6-a5533f0f006e,Coconut. pooja,1
0.3,b0594e81-993d-4fd4-9525-020827a4e3b1,6e4a893a-e66c-4bb5-974b-3972c4dcf966,M Coffee Regular,1
-3.65,41d3386d-a294-48b5-97db-548814c7898c,0495a703-cb7d-4778-a010-471ec97a42f6,EGGS,1
2.74,e8c7c221-9b41-440c-a359-16354b322cc9,356f3164-b95f-40c3-a40d-074140449d23,MINI CUKES,1
65,2dca59f4-0f12-43f1-ad3e-07e3975305e2,bb989649-41bc-447c-8765-01233aad8f42,REAR DISC PADS,1
0.94,087652a2-86a8-44a9-a032-e3d748b0aaef,f48f1cc4-8ae8-45fd-a7f1-1059e6e9e355,CUCUMBERS SE,1
9.99,4c393d2f-337c-4cd4-b855-266d3c5d2e0b,9a89408b-15f8-462f-a71d-580476781853,ORG HOMO 4L,1
19.99,22d35c96-ea46-4052-889a-b9f3a10dd8e5,00e50b19-428c-4f45-8e6e-204d7e945449,NESTLE 125CT,1
8.99,41d3386d-a294-48b5-97db-548814c7898c,cfe176bc-e657-4ed0-aa30-4435a38fed43,JEWELLERY,1
9.97,f5c104b7-3b47-4d8d-a21e-2b331b7a9558,d610b7b1-856e-4120-8ebe-0dd2457a9766,MOP,1
2.49,3a9da0a9-e034-4f5a-b358-421322f94765,25d27721-073b-4145-8ead-79874802c5ef,HALDIRAMS SOAN PAPDI,1
2.5,79dd6315-1c82-4baf-a556-db40607b62c9,02e9b87b-f2ca-4bbe-be6a-5bc97fded8bf,CONFETTI POPPERS,1
8.9,64d52603-6abb-4182-bb63-f1a89858bae6,3173b887-9bbe-4ddf-9dbe-d422c34cfaa3,SHRIMP,1
3.19,64d52603-6abb-4182-bb63-f1a89858bae6,6ac5c5e2-38c3-4717-8054-039b7aa31d2c,Valor Beans Ibs,1
2.09,42f513d8-d453-4cb2-a4dc-4ece8f7b4068,2699150c-6cb8-4f0f-939d-6e380f0e51fb,Eggplant Round,1
85.75,143335ed-4466-4cbe-a144-0aba366c3a00,1c578efa-b5c0-4f79-bf7a-630cd21e692b,PURCHASE,1
14.49,09b8a635-019b-4c2f-9301-1c3055fb19e2,5cdfbd77-26f9-47cc-91ac-e9b3bd416f92,POLYSPORIN ONM,1
6.69,510324eb-7c58-48c6-972b-a288c4e7e3d0,259772f4-a051-4cc6-a151-de99fa250864,Egg n Cheese McMfn VM,1
5.25,fe110c47-98fe-469f-b714-a5ad105a935f,0ae65fe0-dc19-424f-b40f-b21a64d9d28e,Veggie Slice,1
10,20c8a193-7ae5-487a-9a5a-f31d011fc0df,049bf5bb-72dd-4ed1-b6c2-1968857ba07a,1lb Buffalo Wings,1
4.94,e8c7c221-9b41-440c-a359-16354b322cc9,43f563e8-3cbe-4507-9006-af34fc3a02f4,YFM CHOCOLAT,1
3.17,a8f6e2c7-a20e-47d5-96da-b29b989825e8,2ffcb5d5-554d-4533-88a9-1b10ade80beb,GST,1
2.24,a54604bc-a6eb-4c7d-92b9-b914ae53efab,e1fee235-ed07-4363-ab08-0682cc243d69,MARVEL FOLDABLE BAG RED,1
4.99,263fedba-9408-42c2-8097-7038f4b05612,a20ecee2-e2ce-45d4-af46-4d2e46371ee5,MINI CUKES,1
5.98,0029eb26-dfb5-4117-a118-fecf0baeda03,b2ea2e60-27d2-434f-b840-b83a4f23bd42,EXCELLENCE 7,1
9,263fedba-9408-42c2-8097-7038f4b05612,7fc92b4c-54eb-4845-ae00-94c8a71d2f67,THAT'S IT,1
3.7,64d52603-6abb-4182-bb63-f1a89858bae6,def93dc0-8dea-4d0d-bf13-4530d3172717,Banana small,1
4.37,f5c104b7-3b47-4d8d-a21e-2b331b7a9558,70ac350c-2185-4ce0-bb49-92958f0be06e,CHILI GARLIC,1
23.99,80fe63c1-25ab-4498-9b39-679bab6abb8e,4c748eed-067c-4821-9e07-c7720857ff42,QUANTUM,1
1.94,087652a2-86a8-44a9-a032-e3d748b0aaef,4d6c076b-1130-44d7-969e-16fd722990a2,HERBS CILANT,1
39.99,e30cf3a0-5c63-4e02-aaa8-71a9a06ec46a,7d90533c-bc93-41e3-a3b0-67cdb489ccc8,LÄTT N chld tb1/2 ch,1
8.99,f4d98277-871c-4b8d-9905-b3c0877c006f,4ad2dae3-7921-4f1c-a277-8939da1abbc9,ORG HOMO AL,1
2.47,f5c104b7-3b47-4d8d-a21e-2b331b7a9558,d91f3e72-34ac-4739-8e0b-313460537868,MINI CUPS,1
6.99,b1674148-2d59-4560-a48b-a4199c5bde90,c659250d-ebf5-415d-9737-aa1835a9cb77,KITCHEN/ACCESS,1
0.87,b7cea157-701f-45cb-b831-8934e259132f,73bda3d5-da4a-47e1-88b0-0560182ed6c0,GARLIC 3PK,1
9.99,263fedba-9408-42c2-8097-7038f4b05612,e6498c9b-6190-4dea-97da-0d3182b3b0cc,WALNUT LOAF,1
7.98,83773755-16d9-4098-b303-5f9555d00677,248d887a-d222-475e-a10b-086d6cd7a0c8,Wil WASP OJT,1
2,88126b55-5720-4d8c-9298-9f469360b5e5,88bb1217-e921-467c-ba5a-057857400c58,SHELF LINER,1
2.28,d86595e3-5054-4e25-ac33-f9c8131353f3,24b9540b-c9f3-4bb2-9715-656d8d32ddb0,LONG SQUASH AM,1
168.84,df683175-8acd-4af4-999f-c48a06806330,79b09edf-479f-4cdf-a32d-237ee41e5e4c,SEWER USAGE,1
0,b0594e81-993d-4fd4-9525-020827a4e3b1,b0ec5971-b5af-4fed-870f-eb8f4c63f5da,Ketchup Packet,1
1.29,0e71a6bb-26b0-4b2b-8d3e-7a5d0254e8e5,4a72de5b-b74f-4eb7-bd53-813b261ea789,Berry McPops,1
1,6e8dcc18-d2a9-4618-9528-12d213b0a5ec,37281fca-3a4e-4d18-a84d-64fe534b3af8,24CT CRAYONS,1
1,e30cf3a0-5c63-4e02-aaa8-71a9a06ec46a,6ee63697-fda1-492e-bb79-da93f04c2ca5,"FRAKTA N bag, med 45",1
3.48,6e8dcc18-d2a9-4618-9528-12d213b0a5ec,9162d640-3225-46ed-aadd-07a349637d31,ASTRO BALKAN,1
2.83,bca3ce2b-0ee6-4085-ae7d-4a3598d3c0d9,130bd1ae-7a9f-49d9-a527-4760dd3b6ae5,OKRA INDIAN (LB),1
13.98,c85fe9c9-fba9-4c7a-bdc2-b2f3a11bb583,2c755a24-cf6d-408e-9839-6d42c1837d66,2 x Fresh Lime Soda,1
0.94,78604ca3-e9f5-47fc-a7a7-9f38b4d0fd82,28332fd0-f19b-4eef-aa1b-a56ac527f589,CUCUMBERS SE,1
1.25,79dd6315-1c82-4baf-a556-db40607b62c9,196f1f1a-9390-4cbd-a118-bee7387adce5,EASTER EGGS,1
3.88,78604ca3-e9f5-47fc-a7a7-9f38b4d0fd82,e9fa5c63-15ed-41fe-a512-b7736cfea10a,BREAD-BUNS,1
2.99,3a9da0a9-e034-4f5a-b358-421322f94765,989b78b3-e239-4c55-9024-ecb38c5ea08f,Laxmi Maida,1
19.99,c996e878-01a9-43ed-8ae0-754dabe79547,42fabff1-bc21-469b-9094-5cd71e3fe90a,CAPTX SPORTS LINE JK PAD SET (Q121) WHITE/PINK,1
3.38,4c70e3a7-cdd0-49c5-a2d9-1b596c386591,f84fe19c-7f77-43cd-b5d4-1e97957198f6,Dudhi (long Squash),1
2.99,01c8e89e-90d6-48fd-a916-87034a4da925,19c75090-a553-46f7-91da-ac1cb08feee4,Telugu Masala Peanuts,1
null,d06d5a94-1a60-41cb-977c-09f313cc88a6,957d69b3-32af-4f58-b90f-abb1aa85a2ca,7.516L AT $1.389/L,1
3.98,f5c104b7-3b47-4d8d-a21e-2b331b7a9558,3e057d75-7399-404a-b630-9ed995ddfabc,DEM DXHAM WT,1
-3,22d35c96-ea46-4052-889a-b9f3a10dd8e5,72aef562-d50b-4f41-b8d8-ff292a850818,TPD/2941400,1
3.94,580a0e8e-6c93-41ae-8d6f-f4fa05cae95d,f8452460-7498-4034-85f2-a64e2ef76bae,WATERMELON S,1
26.99,f4d98277-871c-4b8d-9905-b3c0877c006f,69b3772a-4908-4a61-a37a-62506446c796,TIDE HE 131,1
10,2e3fe786-8c48-4df6-bded-949a5db6b519,e70f3a68-7dbd-4b30-b4ca-9b65cd5bbfb5,TEE,1
12.99,263fedba-9408-42c2-8097-7038f4b05612,cb9062f1-9831-4e1d-ac29-943b988b86a9,ORG BLUES,1
4.05,324ca7a5-30e8-43df-be01-b27adc23678c,e008a660-b325-4a19-bdf0-19593ad9e241,Green Bean,1
1.97,f5c104b7-3b47-4d8d-a21e-2b331b7a9558,5218324e-42e5-4e05-9023-6ab6990809ca,DAWN PLAT 43,1
69.99,263fedba-9408-42c2-8097-7038f4b05612,c6d38655-8e9d-4e96-a732-2cd0731f64df,SNOWSUIT,1
1.49,01c8e89e-90d6-48fd-a916-87034a4da925,9eda1b59-e657-4856-8d93-d5477819eac9,Corriender (Bunch),1
3.98,d86595e3-5054-4e25-ac33-f9c8131353f3,07912891-2f64-42a9-9295-7b0f2a3c8dfb,METHI LEAVES,1
0.99,42f513d8-d453-4cb2-a4dc-4ece8f7b4068,8c8c6bdb-830c-4c37-8797-e8369ea5afd1,Oreo Strawberry 41.75g,1
24,a68865be-4f30-4c7c-9f8c-17b859372257,28db73c2-ce4b-494d-b6b4-133d9f4d0812,FOOTWEAR,1
2.84,b7cea157-701f-45cb-b831-8934e259132f,f81705a3-a169-4a9b-9ccb-54ba2f26af11,STRAWBERRIES,1
9.99,b1674148-2d59-4560-a48b-a4199c5bde90,f81e09cf-57f4-4f82-bdee-94bc29e362f5,EVERYDAY Q LIN,1
129.99,804645c4-9987-41c3-9b10-364a1e5a0e32,0cbb0747-d122-484d-b55c-799e909176d2,EX-TRIO ELITE 3 IN,1
5.49,f4d98277-871c-4b8d-9905-b3c0877c006f,7067bbe1-cb50-4250-ac5b-4f2624d00f9f,CANTALOUPE,1
1.75,79dd6315-1c82-4baf-a556-db40607b62c9,5509b895-89de-42bf-af14-1b9a19c5490f,LTP BALM,1
3.99,3a9da0a9-e034-4f5a-b358-421322f94765,767cc03e-3d21-4e54-b836-3eeddc013172,LAXMI - Sooji Roasted 2,1
9,6e8dcc18-d2a9-4618-9528-12d213b0a5ec,20d5d92e-964e-4355-97d7-aded52d33a62,HR-CLAW,1
2.49,d86595e3-5054-4e25-ac33-f9c8131353f3,e4ff3f3e-b67d-4a9a-95da-8ce01cff8570,FRESH YELLOW CORN PACK : 3 CT,1
8.99,22d35c96-ea46-4052-889a-b9f3a10dd8e5,f98a06d0-0014-473b-b5fe-8b50d6ba2313,GALA APPLES,1
4.99,df4e1cf4-3a2b-4c20-b56d-eec841e92326,01f5acb5-dcd4-44cc-a6a9-4a5394702fce,SMARTFOOD POPC,1
14.99,b1674148-2d59-4560-a48b-a4199c5bde90,a764f85e-acfa-4459-a347-4a0036a4cec8,KITCHEN/ACCESS,1
26.76,01c8e89e-90d6-48fd-a916-87034a4da925,1b291ea4-0384-42eb-ac44-9993c05c768d,KING FISH SLICE,1
107.6,dbac6251-b5ec-4d34-b4a6-23bdaf5b3a7e,e8b6745d-9ccd-4775-8576-76a08b39e918,Disc Brake Pad Set (Rear),1
4.91,42f513d8-d453-4cb2-a4dc-4ece8f7b4068,19417831-5ce9-407c-b41d-4ce08e6445ae,Dudhi (long Squash),1
4.79,9eca44a9-99a2-42c7-9d8f-57a0015b1d0f,f5d3e0b4-8ae0-44ee-8110-383922ec4526, ,1
5.89,80fe63c1-25ab-4498-9b39-679bab6abb8e,febb5c88-f5c2-4db1-ba27-8c3f2c47bdd1,STRAWBERRIES,1
13.99,131194c4-b37e-4833-b032-897af4656160,8d4a7f75-0b7f-4e60-909d-4f012d1d1f46,HAKKA NON VEG THALI,1
19.99,c996e878-01a9-43ed-8ae0-754dabe79547,94a7634a-0823-4005-ab06-02492856e6fe,RIPZONE B COLIN TRUCKER HAT (225) BLU/AOP,1
5.45,4c70e3a7-cdd0-49c5-a2d9-1b596c386591,5477d3e6-ba5f-41e6-b856-1deefe5ce3cc,Valerica Brit Mariegold 250gm,1
4.77,b7cea157-701f-45cb-b831-8934e259132f,be05aa0d-a17e-4f0e-85b7-7e559a912736,VERKA PANEER,1
1.2,1a7edbfa-3ab4-4f97-8447-a7b5a62fcba4,bed0a096-1e3d-406a-b835-c9de2892bbf3,Corn Sweet Yellow,1
5.99,0ba02a93-2267-4cf2-be7d-65bb02b0ecf2,078fc63a-0b66-4f5b-b49e-e962700f0d99,FB Garlic Bread,1
0.6,78604ca3-e9f5-47fc-a7a7-9f38b4d0fd82,5bf77e17-8db7-40ba-93c2-3e0d78aa46b5,ALC DEP,1
15.99,9c83240a-496e-4a09-8920-11ca59c567db,4cc50871-e1dc-451e-bb1c-6a664725fa01,BLUJAY TEE,1
10.99,42f98deb-801e-4116-8688-35d53ed396ff,25cb610d-7189-4884-9533-d302f63d4b11,POORI CHANA,1
3.69,3a9da0a9-e034-4f5a-b358-421322f94765,242f85fe-ad08-47aa-b358-72f3b01e608f,Ginger Organic,1
7.19,b0594e81-993d-4fd4-9525-020827a4e3b1,d51cef34-4268-4455-b0c2-1c3ec91b1a9d,Hotcakes EVM,1
0,edc8051c-9d29-49d9-91bd-a8b11ba8cc57,cce20813-f15b-4c81-a0d8-25a6af88edd9,PRODUCTO 3,1
2.47,087652a2-86a8-44a9-a032-e3d748b0aaef,22e04859-3795-4a79-a131-067538b7d136,CLA SLT 200G,1
18.77,6e8dcc18-d2a9-4618-9528-12d213b0a5ec,093d93f4-c478-4ad7-a674-52b031dd6f96,SUNFLOWER OI,1
2.77,5fbf314a-f173-430b-9a25-de147b30140f,51ae1589-a7b5-4b3b-9bb3-4928143bb426,CD RSBY LEMO,1
5.99,f4d98277-871c-4b8d-9905-b3c0877c006f,b26d5072-46c6-4cb1-85d6-9914755d6355,WHIP CREAMIL,1
2.47,78604ca3-e9f5-47fc-a7a7-9f38b4d0fd82,15278e63-158c-48f3-ad38-1314f927fe18,CLA SLT 200G,1
1.29,2777c8bd-173a-4b9c-be96-b5a15eea6b00,e4409cf8-365f-4b24-86ad-b73b6268f3b6,M Coffee,1
4.25,79dd6315-1c82-4baf-a556-db40607b62c9,54978570-f825-4205-bf11-68b11b3ba90f,SANDWI.BAGS,1
5.98,bca3ce2b-0ee6-4085-ae7d-4a3598d3c0d9,b3c06d7a-0add-46f3-86e2-d0d27c4c7599,COCONUT PUJA,1
4.3,3a9da0a9-e034-4f5a-b358-421322f94765,74a8b08d-8c0f-4fb1-950c-4b173f864181,TINDORA (lb),1
12.99,22d35c96-ea46-4052-889a-b9f3a10dd8e5,2e1952cc-54d0-4c11-adeb-e5debf938fbc,TRIMFIT SOCK,1
0.94,e8c7c221-9b41-440c-a359-16354b322cc9,a9ee36da-3424-48d5-b083-c5a75df034c7,CUCUMBERS SE,1
7.99,1a7edbfa-3ab4-4f97-8447-a7b5a62fcba4,c2b33ce1-2f96-4ab3-9e1e-7c0e664d6331,Watermelon Reg Sdis,1
7,2e3fe786-8c48-4df6-bded-949a5db6b519,f40b8309-1e7f-4a3e-89d5-8b85a0de1fe0,SKATER DRESS,1
7.48,580a0e8e-6c93-41ae-8d6f-f4fa05cae95d,ddaf4cef-ebe8-42b9-8b23-474f3d967dbc,WATER SOFT,1
2.99,ce01eb11-4324-4025-9c6b-f50bb594efec,d22de6e1-1178-4597-81ae-5ea654230dce,40 POW. COMPR. GB,1
8.5,78604ca3-e9f5-47fc-a7a7-9f38b4d0fd82,b663918d-878e-4d1d-b356-7fcd5f326aea,TOMATO ROMA,1
4,ac8d5724-d016-4b64-8705-ae0e195774a3,5a3f772b-7268-4d7f-a752-4314113e4510,FOOD CONTAINER,1
7.99,0ba02a93-2267-4cf2-be7d-65bb02b0ecf2,6ed3c988-abca-40fe-8f40-5829a8b77d93,FB Havarti Cheese,1
12.49,58bc0874-096b-49d1-8cf6-86e9ca368fdd,aaca0b0a-6a91-483c-80dd-d93d920b4a85,KS ORG EGGS,1
8.99,22d35c96-ea46-4052-889a-b9f3a10dd8e5,e3e1ad56-3e31-48b0-b162-f0ebdc891a1a,ORGANIC HOMO,1
6.99,f4d98277-871c-4b8d-9905-b3c0877c006f,a38f21ca-dc7d-42d2-9d9b-7adfc1dfb287,EGGS 2 X 12,1
2.99,c1718fc5-f799-4e71-a36f-4e2e3fd0a0fa,a089bdb0-0bc8-4eef-afc1-1c77fa2e9492,PTDR PEANUT: 14 OZ,1
6.99,c85fe9c9-fba9-4c7a-bdc2-b2f3a11bb583,cc24dff1-31b0-4af1-9606-fa3e1fcaaf65,Mango Lassi,1
2.97,bca3ce2b-0ee6-4085-ae7d-4a3598d3c0d9,95ecd6c0-d98d-411c-b23c-d0f16ba49587,PUNJABI SAMOSA,1
3.88,087652a2-86a8-44a9-a032-e3d748b0aaef,a63fc5ad-f46b-4ec0-8ab7-20b37732a739,BREAD-BUNS,1
4.57,e9a9eef3-b150-4bb4-b25a-ba238c93b0f0,0ab5476b-2662-4e82-b455-c6bccbb8e942,RELAN,1
10.88,0029eb26-dfb5-4117-a118-fecf0baeda03,9015db68-61c1-4775-ad75-a9de4727de12,4L HOMO MILK,1
8.3,e9a9eef3-b150-4bb4-b25a-ba238c93b0f0,b05f893e-aef3-46b7-9d8c-b563a9785af9,QUICK,1
4.99,131194c4-b37e-4833-b032-897af4656160,a44dcd70-004f-4a62-96c3-59b838cbfda0,CHICKEN LEG,1
9.27,b7cea157-701f-45cb-b831-8934e259132f,2f19ca79-277e-4212-ae41-522c23323f3c,ST BEANS,1
3.69,0e71a6bb-26b0-4b2b-8d3e-7a5d0254e8e5,00be3144-b6d0-4300-83ab-992de93dc9d0,Egg n Cheese McMfn,1
15.99,d540c89a-8fb6-4343-8644-2adeed809fd2,aa96fa62-d7ac-487a-bcca-2839adc864a5,Chilli Paneer,1
3,3a9da0a9-e034-4f5a-b358-421322f94765,af8199ea-32d3-45c1-b1e4-547f1b35d966,LIME,1
7.99,f4d98277-871c-4b8d-9905-b3c0877c006f,86f5c516-150f-4f54-8a03-c4a9c10a600a,IMIT VANILLA,1
5,79dd6315-1c82-4baf-a556-db40607b62c9,89980603-7557-4250-97d1-dd1d453d5be7,BOOK W/PEN,1
9.59,09b8a635-019b-4c2f-9301-1c3055fb19e2,58110d45-2605-474c-9996-b72978025977,SENSODYNE TPAS,1
12.99,263fedba-9408-42c2-8097-7038f4b05612,3c7c191b-188c-4422-8b17-8da3f8130b10,CELEBRATION,1
9.99,b1674148-2d59-4560-a48b-a4199c5bde90,d0712d9b-c723-4c0b-9527-4fb3e4393ce3,BATH SHOP,1
9,5a8a61ca-ae24-4124-884d-203f827ea4f6,fa3a0526-f55a-4331-9d0d-a410bd672d02,VILL 100WW,1
2.79,3a9da0a9-e034-4f5a-b358-421322f94765,6f0bcbe6-2a3d-4683-9aff-baf4e22efaa9,Laxmi Kurmura Laddu 100,1
2.84,f5c104b7-3b47-4d8d-a21e-2b331b7a9558,39156c35-aea0-499c-82b9-41612da91178,STRAWBERRIES,1
2.97,e55f05a2-f50a-4762-8651-4df1beb0809c,dcf15471-a513-441b-bcd0-7495dbac2a78,SPRITE,1
1.49,bca3ce2b-0ee6-4085-ae7d-4a3598d3c0d9,705799d0-d6f7-4e12-a04e-41e9e594daf5,MURATI,1
3.79,263fedba-9408-42c2-8097-7038f4b05612,52afbb4c-fd22-4e54-a21e-4e323239c3e4,CUCUMBERS,1
-1.44,e999851c-a52f-4f1d-a861-d341fe35dc59,0a7659cb-5baf-4cf7-bf59-038f0d2e93e1,ASTRO TUBS 3 FOR $9,1
4.25,79dd6315-1c82-4baf-a556-db40607b62c9,c415ad3d-fde1-4c51-86f7-09c38e421990,BACKPACK KIT,1
6.45,22d35c96-ea46-4052-889a-b9f3a10dd8e5,f937a4e8-9c7b-4f88-8244-f9aa7c7dae7a,HOMO MILK,1
9.99,b6141ec5-dc95-44c3-92b2-6ad3214313cd,a05c9003-80fb-43b8-86fe-3eb7949c9607,ORG HOMO 4L,1
5.99,4c70e3a7-cdd0-49c5-a2d9-1b596c386591,202f8a0a-d884-417e-a84b-b0f43c09695b,Fresh Roti Fulka 12pcs,1
0.94,e2566cac-613a-4ca5-95ee-850d92317482,a97528ff-d84c-40d9-afb2-e11735ceec93,CUCUMBERS SE,1
0,edc8051c-9d29-49d9-91bd-a8b11ba8cc57,7c903982-57ac-4179-8abd-fff95e43b9f7,PRODUCTO 4,1
1.88,6e8dcc18-d2a9-4618-9528-12d213b0a5ec,830c6459-d62a-4c5f-8fae-924e1907fc7f,PRINGLES 2FOR$5,1
1.25,79dd6315-1c82-4baf-a556-db40607b62c9,2b566d77-ae8a-498e-864d-5ff989828bf9,WIZCLOTH CLOTH,1
1.44,e8c7c221-9b41-440c-a359-16354b322cc9,f7edbe7f-950c-42b2-8d34-1dd4b1fb39a9,BLUEBERRIES,1
1.5,79dd6315-1c82-4baf-a556-db40607b62c9,a0e71711-4c4b-45e0-a186-2b95e8298a0d,WIPES,1
9.99,22d35c96-ea46-4052-889a-b9f3a10dd8e5,dec1598d-f761-4e74-9588-fd1a8995b5e3,BISCOFF,1
4.29,324ca7a5-30e8-43df-be01-b27adc23678c,4633f332-6eaf-4597-8833-23142a523999,Sealtest 35% Whipping Cream,1
1.99,3ab8b4c2-824a-497e-9ee6-8981dac114cd,b75f0dc4-ad5c-4f99-9639-e5aaf41be173,Crayola Ltd Editio,1
0.94,087652a2-86a8-44a9-a032-e3d748b0aaef,6d950e47-d1b0-4cc6-93ef-85dfd7c65268,CUCUMBERS SE,1
2.84,a68865be-4f30-4c7c-9f8c-17b859372257,63444cc2-5842-4a65-9187-4f345b09db66,STRAWBERRIES,1
1.15,324ca7a5-30e8-43df-be01-b27adc23678c,ffecc8d9-0877-4d9d-8845-1acb3b149af0,Beets,1
19.97,f5c104b7-3b47-4d8d-a21e-2b331b7a9558,7761ed01-b757-4950-887f-28270773e1a8,1602 BTL PNK,1
12.98,804645c4-9987-41c3-9b10-364a1e5a0e32,ec5fee6a-832b-46d2-ae54-9f47fb057117,SET-G-DIAPER 0,1
19.99,b5c3d883-24ce-4396-a344-ff7d842a10c9,86515fe9-0609-4d11-878a-6f09f67e17fd,KS TOWEL,1
10.28,5cd4bf00-a912-455a-aa7f-c2232813ce32,27a564cc-0020-4868-a267-d336ed0a10b7,ASTRO YOGURT,1
4.97,276411f2-e567-4fcb-a4ed-854dbcf1f954,423cde4c-993b-4093-993c-e59076e8549e,YFM SL MARB,1
4.79,ce01eb11-4324-4025-9c6b-f50bb594efec,e79b2169-339a-4762-a5e4-6ee1693ebd5b,POW. COMPR. GB,1
3.47,e2566cac-613a-4ca5-95ee-850d92317482,64095571-6182-4d76-abe1-5a1e1f7c9cec,DEMP 100WW,1
5.49,4c393d2f-337c-4cd4-b855-266d3c5d2e0b,d3dfee1c-9acf-4fe8-a490-40501d9d90f2,SPINACH,1
2.57,369cbc5b-c52c-47c5-96e9-3ad048b8a7fd,3247dca3-508c-45d2-8f36-92bb70a9043b,DEMP 100 WW,1
10.96,f5c104b7-3b47-4d8d-a21e-2b331b7a9558,ce232787-c1c6-4514-80df-baaa2d3f965e,SHARKS LBAG,1
14.99,d540c89a-8fb6-4343-8644-2adeed809fd2,57cacfe5-a9c1-415d-984d-39d5fbf1f22a,Hyderabadi Chicken Dum Biryani,1
4.47,f5c104b7-3b47-4d8d-a21e-2b331b7a9558,3f428ea8-a4aa-43c0-9966-9624cdef7c0c,MBP 225GR,1
8.99,f4d98277-871c-4b8d-9905-b3c0877c006f,74f3ff7c-9005-416a-b49a-663f0ed55485,GALA APPLES,1
10.77,78604ca3-e9f5-47fc-a7a7-9f38b4d0fd82,7fa0f54e-c273-454c-b110-12971de5183b,HEINEKEN 00,1
-5.25,af60a550-e5ca-425e-ad9a-31be18f0f2bf,76cfe0be-027b-49da-9a6b-e21b11a53bcb,NEW MEMBER REWARD,1
0,f361abef-7ae4-43ec-9e26-2f7ca04056ca,1b2fd5c3-8aa8-4b27-b90b-d77e3a7935d8,Sriracha,1
1.79,0d5e41ec-470b-4547-a2ba-f200612960fd,89e31061-1d89-415e-9e3a-b490c5219545,2 McPops,1
2,79dd6315-1c82-4baf-a556-db40607b62c9,91171595-2704-42db-8b66-c894732bbd37,ELASTIC ROPE,1
5.99,0ba02a93-2267-4cf2-be7d-65bb02b0ecf2,c77b5794-1515-4629-8323-1e19ffacd154,ORG. DATE SYRUP,1
9.99,b6141ec5-dc95-44c3-92b2-6ad3214313cd,0614d304-89e2-4846-9479-010ad5526c44,ORG HOMO 4L,1
7.99,58bc0874-096b-49d1-8cf6-86e9ca368fdd,e9ccbc16-a09a-43a2-8932-7abca2e029fe,CHOCOLATINE,1
1.78,edf54356-801e-4cd2-9045-eadcec079d3e,bc36786a-28c1-495b-9b0f-c1c85efc4e50,PHST INCLUDE,1
1.77,369cbc5b-c52c-47c5-96e9-3ad048b8a7fd,981638ee-6844-450b-9984-192e164fe012,SPINACH REG,1
8.99,42f98deb-801e-4116-8688-35d53ed396ff,32d565bb-3803-4843-8308-92d45ae1518f,PLAIN VADA,1
1.6,5cd4bf00-a912-455a-aa7f-c2232813ce32,66c63000-dd76-424a-a70f-2010946ffe93,EHP SUPNECO,1
11.99,f4d98277-871c-4b8d-9905-b3c0877c006f,a97f7a3b-4afa-47a1-a9cf-c307297625fd,KS ORG EGGS,1
10.99,3a9da0a9-e034-4f5a-b358-421322f94765,37f2848b-25fa-4c50-b0fa-4e794f9c2d85,CC Idli Dosa Batter 180,1
35.78,5cd4bf00-a912-455a-aa7f-c2232813ce32,88c15f47-80af-4c23-95f3-7ddfc0cb3d8b,KOROSIA BLK,1
5,79dd6315-1c82-4baf-a556-db40607b62c9,4d1b1442-e144-49ec-91d0-6571a7ded272,BOOK W/PEN,1
-10,af60a550-e5ca-425e-ad9a-31be18f0f2bf,fa8bf01b-140d-4402-8925-a92965e0ab0f,NEW MEMBER REWARD,1
5.29,263fedba-9408-42c2-8097-7038f4b05612,b57b2810-a8cc-4081-b6a2-e4473dff9ad3,RASPBERRIES,1
10.44,d06d5a94-1a60-41cb-977c-09f313cc88a6,185dfa7b-f722-4f48-a40b-60251d971229,EREG,1
1.59,4c70e3a7-cdd0-49c5-a2d9-1b596c386591,0b7d8788-8d88-4c8a-986b-a5afe0f7c65c,Parle H&s Choco 82.5g,1
29.95,dfd9e75d-77bc-4598-ad73-6db091178332,4ffb81d5-4653-4179-a7c4-0a891c68f400,SMADDEN SNDL,1
1.5,ac8d5724-d016-4b64-8705-ae0e195774a3,112f2d69-1da7-405e-8b98-2decce7ffa28,WIPES,1
-3,b6141ec5-dc95-44c3-92b2-6ad3214313cd,e834bd90-1d63-41db-8542-fb09a60a583f,TPD/647465,1
10.88,e8c7c221-9b41-440c-a359-16354b322cc9,e9245d87-cad7-48d2-82a4-c89ffb17e7fb,HOMO MILK 4L,1
9.99,e30cf3a0-5c63-4e02-aaa8-71a9a06ec46a,db0e35ff-07e3-47c7-a017-e1eb842e3ede,LACK side tbl 35x35,1
0,131194c4-b37e-4833-b032-897af4656160,6788b56a-d7df-4df2-9b1f-55a25f6a7dd5,NOODLES,1
6.78,b5742567-22cc-4c40-b1d0-4209a64dbc5e,f7055c6e-a4a6-4efe-bf4b-ab1f616d46df,DRUMSTICK,1
3.65,41d3386d-a294-48b5-97db-548814c7898c,46c7fcd0-af47-47b9-93c7-d3095d79cb22,EGGS,1
4,369cbc5b-c52c-47c5-96e9-3ad048b8a7fd,49528799-7acf-430d-a118-1371c85e4063,GBIB OPP JOG,1
44.99,af60a550-e5ca-425e-ad9a-31be18f0f2bf,dd47fe7a-fe7a-4cb3-9016-b6e83daf88d7,NIKE STAR RUNNER 3,1
1.99,3ab8b4c2-824a-497e-9ee6-8981dac114cd,8c72dad2-cb1f-4411-904a-77cc84d019bc,Crayola Ltd Editio,1
3.49,4c70e3a7-cdd0-49c5-a2d9-1b596c386591,75f63d39-a2cf-46a4-85ee-e7bd58d718e6,Telugu Chekodilu 170g,1
49,41a7dc6a-528b-4ad3-bfbe-4619590999f0,c97f0887-a4d1-42df-92a5-7e9161449d2b,Lindt Ass. Napolitains 16/50,1
2.47,78604ca3-e9f5-47fc-a7a7-9f38b4d0fd82,3704608b-a1e8-4708-97c3-a511b2efe756,CLA SLT 200G,1
19.99,22d35c96-ea46-4052-889a-b9f3a10dd8e5,4627385f-6d9f-4f40-b89d-ffc3db713062,LICENSED KID,1
6.89,f5c104b7-3b47-4d8d-a21e-2b331b7a9558,8ba69fcc-3658-4c6a-8d08-33d9b73201b8,CHERRIES,1
3.99,c1718fc5-f799-4e71-a36f-4e2e3fd0a0fa,c499ffd5-6960-4d7d-be63-de41ee38baa7,PARLE PREM RUSK W ELICHI: 21 16 OZ,1
3.99,3a9da0a9-e034-4f5a-b358-421322f94765,e2d53b01-e369-4470-a5b8-0d7348f829d0,Amirth Ghee 125ml,1
4,88126b55-5720-4d8c-9298-9f469360b5e5,b73cadb5-a1b3-468b-8f32-1ea08236bdf9,BASKET,1
1.12,a54604bc-a6eb-4c7d-92b9-b914ae53efab,29774da7-049d-44ab-b1f7-6fb972be64f6,MARVEL BADGE,1
19.17,f4d98277-871c-4b8d-9905-b3c0877c006f,88037762-b1ea-4015-a6f7-2dca83ee1739,ORG CHKN DAM,1
22.99,ff4bf154-4502-4c87-a756-a0c2d7c69b95,c18f498e-d733-401f-8931-f14357a81d22,SERV. BAKERY,1
2.84,e999851c-a52f-4f1d-a861-d341fe35dc59,26515334-dd31-46e6-bbbc-d775f1d51cda,STRAWBERRIES,1
3.99,f4d98277-871c-4b8d-9905-b3c0877c006f,770fe950-b8e3-4f03-bd69-ca6daa3124b3,BLUEBERRIES,1
19.99,42f513d8-d453-4cb2-a4dc-4ece8f7b4068,2c0ba64f-288c-48f7-b3d3-162806fde17d,Aashirvad Atta 201b,1
7.49,dfd9e75d-77bc-4598-ad73-6db091178332,7c844bbd-0d1b-45d0-9325-77284eb5bb37,PITA BITES,1
18.99,263fedba-9408-42c2-8097-7038f4b05612,d538f9ef-fd5e-484b-b95c-e4c0099f46d8,UNDERWEAR,1
1.2,b0594e81-993d-4fd4-9525-020827a4e3b1,b4f37c3a-5aec-419c-997b-ca19ce1bcd14,2 Hash Browns,1
10,2e3fe786-8c48-4df6-bded-949a5db6b519,7cbf074c-1343-4ad7-9c18-4ffc87e0114b,JOGGER,1
8.98,369cbc5b-c52c-47c5-96e9-3ad048b8a7fd,20d34a39-20ec-4d83-b7e4-9327fde9ef4b,4L HOMO MILK,1
4.97,e999851c-a52f-4f1d-a861-d341fe35dc59,1e1364ae-5832-4bfa-bfa3-524eeec3ef46,YFM LEMON,1
-4,22d35c96-ea46-4052-889a-b9f3a10dd8e5,87b59485-dba1-4034-aeae-e36141412859,TPD/1942699,1
1.99,01c8e89e-90d6-48fd-a916-87034a4da925,9c1ddf69-c2aa-48da-9bf8-3dc42de50979,HRS All in one,1
3.47,5a8a61ca-ae24-4124-884d-203f827ea4f6,04e569b0-ce24-4539-8638-5f71dccca0f1,FANTA PAPPLE,1
2.5,88126b55-5720-4d8c-9298-9f469360b5e5,2d2ddcbb-42fb-479b-bf53-be4a55e7852a,POKEMON CARDS,1
12.49,9c83240a-496e-4a09-8920-11ca59c567db,59d8d878-0b3d-4718-a3ef-0d686d50454a,KS ORG EGGS,1
3.54,e55f05a2-f50a-4762-8651-4df1beb0809c,3c3ac7f4-fb78-42af-bd54-bfd10cef1328,PEPPER GREEN,1
132,2dca59f4-0f12-43f1-ad3e-07e3975305e2,54578ff5-4fde-4c15-8f90-62b871a40c2b,REAR DICS ROTORS,1
7.25,20c8a193-7ae5-487a-9a5a-f31d011fc0df,f2fc7699-44d6-44ad-bf16-1f258718338d,Corona Btl.,1
1.5,79dd6315-1c82-4baf-a556-db40607b62c9,0dfdeb38-5e46-47b0-be29-b9a4c5f9590a,ALPHABET BEADS,1
8.27,a68865be-4f30-4c7c-9f8c-17b859372257,2a2b4a1f-8674-45d3-b9fd-808bbbb96e81,PERRIER REG,1
6.97,f5c104b7-3b47-4d8d-a21e-2b331b7a9558,79682c2e-2487-4aaa-8ac0-dc13f3c14839,HOUSEWARE,1
3.99,324ca7a5-30e8-43df-be01-b27adc23678c,25b50dde-b0f5-423c-84c4-ba5c23be81d9,Astro Original Yogourt,1
2.77,e999851c-a52f-4f1d-a861-d341fe35dc59,fe7d88c7-2b8b-48e9-bdd9-a3ed2926007b,FANTA PAPPLE,1
6.99,f6e8bdfc-fa15-473c-b9b3-0c1d0acf94ef,eb877330-7194-48aa-980a-530e84f63ed7,ROYALE FACL TI,1
1.47,d86595e3-5054-4e25-ac33-f9c8131353f3,7632a4f9-2449-47ae-b6a1-2a8356e0e130,STRING BEANS,1
3.5,ac8d5724-d016-4b64-8705-ae0e195774a3,2f287e5f-face-487c-88d0-fb1acd357af2,CHIPS,1
3.75,88126b55-5720-4d8c-9298-9f469360b5e5,5f0c81ca-b7e0-4ffb-b086-e701f8fb8e00,METAL BROOM POLE,1
13.27,263fedba-9408-42c2-8097-7038f4b05612,5a3d1d1a-ee2d-45e0-8418-27421ab599de,HHMESQTWINGS,1
2.27,f5c104b7-3b47-4d8d-a21e-2b331b7a9558,d785f038-70b5-42eb-8d03-cdd77d712c1d,EVRT PBJMASL,1
1.25,88126b55-5720-4d8c-9298-9f469360b5e5,7344fa47-bd1d-4968-b2e3-bc1ef43f0887,CHIPS,1
3.82,64d52603-6abb-4182-bb63-f1a89858bae6,5ab8eff6-cb85-499d-ab45-7ffbe3730e13,TINDORA (lb),1
9.99,4c393d2f-337c-4cd4-b855-266d3c5d2e0b,79ac2e85-14de-4ce1-9057-5d27ad04a336,PINPAPLE 9,1
5.97,369cbc5b-c52c-47c5-96e9-3ad048b8a7fd,e54d53da-926d-4f9d-9763-f2f745a3e028,POT WHT/ RST,1
1.4,e55f05a2-f50a-4762-8651-4df1beb0809c,bb517098-9e5c-4ceb-9661-96ec54f4ac09,BANANAS,1
4.47,5a8a61ca-ae24-4124-884d-203f827ea4f6,4e64c2e3-34db-4a52-bc50-9acc90f44f57,YFM GRN BLND,1
70.56,d4368a18-2b82-4e78-b39c-1263669b5762,0ac5c613-8e7e-497e-b0ec-002cfa598001,"EREG
54.739L AT $1.289/L",1
7.99,3a9da0a9-e034-4f5a-b358-421322f94765,ca5b7890-4188-4647-8ed2-872b3ec7c3eb,Laxmi Urad Gota 4 lbs,1
2.83,3a9da0a9-e034-4f5a-b358-421322f94765,c055b0f3-1287-43ae-9468-d25bfc2fb77e,ASH PLANTAIN(LB),1
9.39,d25820e2-dc6e-4cc0-aca1-747ed22372f6,ef9470c0-0652-4456-b97a-2a598eae6668,Upgrade package,1
6.99,e79c0b78-a59d-4659-9553-d03ddc8939e0,070531f5-6fbb-42cb-9089-5fe2a78d6b67,ONIONS RED 7LB,1
2.96,f5c104b7-3b47-4d8d-a21e-2b331b7a9558,7256bfa0-187f-43e8-971c-61c8b8eb7633,LAYS MAGIC M,1
5,88126b55-5720-4d8c-9298-9f469360b5e5,02b881aa-a852-4725-8a69-b9548dcc7d79,FIGURE,1
2.47,e2566cac-613a-4ca5-95ee-850d92317482,0c2cc9c6-ab24-4d73-896b-cb6f186d08f3,CLA SLT 200G,1
1.5,79dd6315-1c82-4baf-a556-db40607b62c9,86d8bafb-4225-4b4d-8cda-d034eef7409a,STITCH-IT SEWING,1
14.99,263fedba-9408-42c2-8097-7038f4b05612,20bd357f-8be5-4b43-9a23-25a7afcaf711,KS ALMONDS,1
27.99,22d35c96-ea46-4052-889a-b9f3a10dd8e5,12549c45-e854-46c4-8093-1926d0b0a160,12.9QT 6PACK,1
0,965f7a54-9db7-4778-acaf-e93a555ca66d,eebcf551-1652-4316-9e5a-ccec9a77ddb0,ADD Sugar,1
5.97,e999851c-a52f-4f1d-a861-d341fe35dc59,dfd79247-c6af-4129-b348-f83ccec98c59,GARLIC 1KG,1
11.98,5c85fc26-f80c-4765-8108-82cec9180e1d,14b9fc22-79a5-4e8a-af19-c8427addc932,NOGA WM DAHI : 4 LB,1
28,6d3351ec-a6f8-4a50-baec-6d86491cb4d9,8f0008e2-7224-49ea-9293-5a093ffaec32,Haircut,1
10,369cbc5b-c52c-47c5-96e9-3ad048b8a7fd,bdcbfc00-6f2a-4592-ba2a-7e349be3d36b,WASHMACHINE,1
1.18,0029eb26-dfb5-4117-a118-fecf0baeda03,47b7c260-3fd8-4251-9813-91ec2b81dfea,GUM,1
5.79,f6e8bdfc-fa15-473c-b9b3-0c1d0acf94ef,c2787775-f0c4-40af-b6f7-bf4f66fbda48,"MISS, VICKIE'S",1
2.25,a54604bc-a6eb-4c7d-92b9-b914ae53efab,e0c3e497-c6d6-4401-b47e-da20f1a899f0,MARVEL COIN PURSE. HULK,1
0,0d5e41ec-470b-4547-a2ba-f200612960fd,055ee4c3-f60f-4bc7-8001-48a4624be84a,ADD Cream,1
2.47,087652a2-86a8-44a9-a032-e3d748b0aaef,c5499072-ef62-41de-93f3-cb6d110bb2db,CLA SLT 200G,1
6.97,f5c104b7-3b47-4d8d-a21e-2b331b7a9558,7ffba90d-a168-4512-b8b5-dd2c2a12e2a8,MR CLN MGC E,1
2.47,087652a2-86a8-44a9-a032-e3d748b0aaef,699e8f50-7988-4392-8c98-56acce1bee7d,CLA SLT 200G,1
29.95,da1045a0-7e65-444f-a14f-a6aece050c26,d62c6a12-63e7-4358-9f16-861847035b45,Regular-E10,1
162.56,dbac6251-b5ec-4d34-b4a6-23bdaf5b3a7e,112f60e2-0838-4e0f-9a46-6e5668a4a9d1,Disc Brake Caliper (Rear) RIGHT,1
24.99,80fe63c1-25ab-4498-9b39-679bab6abb8e,919dae06-00a3-4fd8-8326-7a8b6cfb9edb,KS TOWEL,1
11.49,263fedba-9408-42c2-8097-7038f4b05612,0dad22cf-d301-49e0-9a69-de94ec7ee2e1,CRUNCHMASTER,1
160,2dca59f4-0f12-43f1-ad3e-07e3975305e2,27c163c9-5b17-4f1c-97ff-5a6a666d4a71,REAR CALIPER,1
24,34748829-1999-4625-ba53-17019e1db53a,a0865ffe-e104-4263-b0b9-cb26aa5eee42,FOOTWEAR,1
3,79dd6315-1c82-4baf-a556-db40607b62c9,031ca9cb-a1aa-4d71-bb75-f9b2015d8dac,KITCHEN SHEARS,1
1.11,edf54356-801e-4cd2-9045-eadcec079d3e,28b616ba-965f-44dc-90b1-ead0f0d0f844,FHST INCLUDE,1
208,b1b3d156-d270-4a9d-8ea8-428ba0fc4fd2,6a3d3d13-fab1-4580-be33-c07dfb61cd34,HST (ON) on sales,1
1.29,5cd4bf00-a912-455a-aa7f-c2232813ce32,24369572-6be9-4171-a0c8-2cc19b78ec99,CAULIFLDUCK,1
1.49,e30cf3a0-5c63-4e02-aaa8-71a9a06ec46a,df0dbf17-fa23-407f-86fe-661c07931fde,TACKAN soap dispnsr,1
15.99,131194c4-b37e-4833-b032-897af4656160,5e779440-e7ec-40a2-b487-156003c88e64,1.NON VEG THALI,1
16.99,f4d98277-871c-4b8d-9905-b3c0877c006f,1df7c9ef-2c66-4f4d-9aa4-601df59b2cb1,SPANAKOPITA,1
9.99,9c83240a-496e-4a09-8920-11ca59c567db,6de4e2ed-9ddb-435e-8cbc-9a99c9e0330a,ORG HOMO 4L,1
3.48,a68865be-4f30-4c7c-9f8c-17b859372257,29d86954-5ae0-4603-a1c5-dc9d5f08f6a2,ASTRO BALKAN,1
9.98,41d3386d-a294-48b5-97db-548814c7898c,fcc567bb-22f5-4f47-92b6-5234a9d3c1cc,EGGS,1
19.99,b1674148-2d59-4560-a48b-a4199c5bde90,be1fa6c5-8dff-47d8-a8bf-bfeaf00e895b,DEC PILLOWS,1
9.98,b7cea157-701f-45cb-b831-8934e259132f,9e261a6b-125d-4f6c-bfd3-bb830814da7b,PEDIASB LS,1
4.48,e8c7c221-9b41-440c-a359-16354b322cc9,06fe5360-451b-40eb-949f-81e53a932a38,OUF PUL FREE,1
4.48,804645c4-9987-41c3-9b10-364a1e5a0e32,25dfbcb7-65c8-40fd-bcdd-082f661908e6,KB-B-SS POLO TEE-G,1
15.99,263fedba-9408-42c2-8097-7038f4b05612,b7437b89-46df-4a1c-a3f0-172539f7a31e,RAW CASHEWS,1
0,510324eb-7c58-48c6-972b-a288c4e7e3d0,c2b03558-8d0c-44ce-ab1b-d6d4a9d047a7,4 Ketchup Packet,1
1.99,bca3ce2b-0ee6-4085-ae7d-4a3598d3c0d9,a4b29b22-4936-43fd-ba40-dada0ecfff54,STRAWBER,1
0,f6e8bdfc-fa15-473c-b9b3-0c1d0acf94ef,676d9642-096d-4819-817f-a334c1912117,Digital LOAD AND SHOP BONUS,1
4.5,79dd6315-1c82-4baf-a556-db40607b62c9,ffaddc26-edef-43d6-94e5-6f800113dde3,EASTER PLUSH,1
7.25,e79c0b78-a59d-4659-9553-d03ddc8939e0,2d9d9a41-92af-4c3a-8e2c-47f77eeb0fef,MILK HOMO,1
6.69,e55f05a2-f50a-4762-8651-4df1beb0809c,edfe8038-016c-47df-8562-5f980cbe9a92,SEAL HOMO IK,1
2.39,fe110c47-98fe-469f-b714-a5ad105a935f,5f1a4f8d-4232-4c98-8a55-018ab145bdf7,Water - Dasani,1
63.45,a8f6e2c7-a20e-47d5-96da-b29b989825e8,f88368ed-501d-4f46-b354-1ea7344ec06a,Tool Rental Fee,1
4.5,88126b55-5720-4d8c-9298-9f469360b5e5,dc6b050c-9a08-491a-b3bb-1d48d3795279,TUB,1
0.97,6e8dcc18-d2a9-4618-9528-12d213b0a5ec,8bce39af-14b9-4021-84af-30893b5bb25f,BANANAS,1
0,edc8051c-9d29-49d9-91bd-a8b11ba8cc57,7713347a-75ad-431e-bbaa-e862e374eb6f,PRODUCTO 1,1
0,f361abef-7ae4-43ec-9e26-2f7ca04056ca,07ebe00d-6565-439a-adfe-167933fd90d5,Crmy Salsa,1
19.49,263fedba-9408-42c2-8097-7038f4b05612,1869a5c4-c2dc-420f-8d24-a7960cd135a8,TPD/937319,1
5.94,34748829-1999-4625-ba53-17019e1db53a,33619d39-7b1c-4da8-bff6-2efe20f71bb1,CROISSANT,1
3,88126b55-5720-4d8c-9298-9f469360b5e5,7fee03ce-8ec9-44a0-b316-40227b4f5e0f,SNACK BAGS,1
3.47,78604ca3-e9f5-47fc-a7a7-9f38b4d0fd82,58bf4e70-2ff1-469d-aca1-e9d80f72c480,DEMP 100WW,1
4.99,e30cf3a0-5c63-4e02-aaa8-71a9a06ec46a,c4d4bab3-e129-497c-93bf-d4f35c5b57e4,LUGNARE scent cndl m,1
9.99,e30cf3a0-5c63-4e02-aaa8-71a9a06ec46a,1ff59d9b-09b5-4dd7-b1aa-797ee4935936,"MYSKGRAS duvet,cool",1
2.77,369cbc5b-c52c-47c5-96e9-3ad048b8a7fd,7fea4abb-c757-4f11-afc7-875e7c14fdb3,ASTRO YOGURT,1
5.89,931e7732-871e-4289-9f48-09f39440945d,76c7816f-9215-4a84-bbe6-30c6afb0cb2d,STRAWBERRIES,1
7.99,80fe63c1-25ab-4498-9b39-679bab6abb8e,fd242cb0-2633-4ab9-a1ee-4c501bc21938,CHOCOLATINE,1
9.99,b1674148-2d59-4560-a48b-a4199c5bde90,28933514-2915-459e-a52d-bb8cb53516aa,KITCHEN/ACCESS,1
4.7,e9a9eef3-b150-4bb4-b25a-ba238c93b0f0,6b6a8887-d315-461a-8da6-1ff81f69c567,MOTOR,1
14.43,ce01eb11-4324-4025-9c6b-f50bb594efec,6152fdf4-89d4-49ec-8f9f-1b8eb8cdbdaf,30 LURY OMR,1
3.48,5a8a61ca-ae24-4124-884d-203f827ea4f6,11fea001-792a-469b-afa7-2217b29d33bb,ASTRO YOGURT,1
4,ac8d5724-d016-4b64-8705-ae0e195774a3,3108259e-7125-43e8-bd0f-163d6b6b2d74,BEVERAGE RACK,1
12.99,b6141ec5-dc95-44c3-92b2-6ad3214313cd,52ab4768-746a-4435-ad4b-6b00fe99b380,CHERRIES,1
3.25,79dd6315-1c82-4baf-a556-db40607b62c9,b3906e3d-65d1-4cce-bfd1-600c65c549f0,ZIPLOC 20CT,1
1.98,4c70e3a7-cdd0-49c5-a2d9-1b596c386591,3dd252b7-8dcb-425e-8776-8ae7a0780e5a,Brit Milk Bikis 100gm,1
9.99,263fedba-9408-42c2-8097-7038f4b05612,26901401-dee3-4525-876a-eac7fdaf57b1,AMBROSIA APP,1
4.4,64d52603-6abb-4182-bb63-f1a89858bae6,d96f92db-b919-4dc6-943a-a804004b3ed6,Mandarine,1
1.25,79dd6315-1c82-4baf-a556-db40607b62c9,d627f1fc-918e-4971-a197-84fd54d9ec79,FOOD STRAGE BAGS,1
14.99,e3364ad6-94cd-473b-a82f-059132915c1e,c8ae70b1-7b35-4616-9f6a-917ab4c621e0,CHANDI BHAVAN SONA MASORI 20,1
11.61,f4d98277-871c-4b8d-9905-b3c0877c006f,5f97afb7-edba-451f-9048-b626686aea52,CHICKEN,1
4.06,b7cea157-701f-45cb-b831-8934e259132f,249996af-20fd-41dd-816e-efb4ff146230,PEPPER GREEN,1
3.48,e999851c-a52f-4f1d-a861-d341fe35dc59,3981dcbf-48df-4bd3-90ad-55fc7cbbc5b5,ASTRO YOGURT,1
60,2dca59f4-0f12-43f1-ad3e-07e3975305e2,ad93433c-e656-43a6-8a09-094472c74d84,REPLACED RIGHT REAR CALIPER,1
24.99,58bc0874-096b-49d1-8cf6-86e9ca368fdd,ebd4ea7e-8295-476d-b5f7-e72d486b536e,**KS TOWEL**,1
3.36,a54604bc-a6eb-4c7d-92b9-b914ae53efab,811d5f00-9fde-416c-a45a-7f903e186f14,MARVEL HAIR BAND,1
4.97,f5c104b7-3b47-4d8d-a21e-2b331b7a9558,f79c1920-1dad-4884-9d29-7ec501040ac1,ROASTED PNT,1
27.06,4c393d2f-337c-4cd4-b855-266d3c5d2e0b,d9cae4a8-61f0-4ef9-b02b-89c460db9a37,SALMON FILET,1
6.99,e3364ad6-94cd-473b-a82f-059132915c1e,788fd518-8c4d-467d-8c9b-503d98ccf41f,NEILSON MILK 3.25% 4L BAG,1
2.75,4c70e3a7-cdd0-49c5-a2d9-1b596c386591,8d4f2820-e078-4b63-aa88-44b34e617746,Eggplant Round,1
13.99,42f98deb-801e-4116-8688-35d53ed396ff,35f0af49-11c2-45b8-9210-02dc32619733,RAVA ONION DOSA,1
1.2,510324eb-7c58-48c6-972b-a288c4e7e3d0,61974080-0edc-4d4e-9d99-959e6977351a,2 Hash Browns,1
20.99,c85fe9c9-fba9-4c7a-bdc2-b2f3a11bb583,34888679-a7ea-4adb-bbd9-e1db99b24c0c,Kashmiri Mutton Rogan Josh + Medium,1
8.99,d86595e3-5054-4e25-ac33-f9c8131353f3,2dee5c52-7378-4086-a530-1f4248231149,JOY MANGO LASSI : 64 OZ,1
5.99,b6141ec5-dc95-44c3-92b2-6ad3214313cd,5ab1785f-dc27-42eb-bbb5-f5700918fc7f,BLUEBERRIES,1
9.93,e8c7c221-9b41-440c-a359-16354b322cc9,3a133df8-d08a-447c-a4cb-f299336670ee,GRAPE GREEN,1
0.5,a54604bc-a6eb-4c7d-92b9-b914ae53efab,bdb7e2c9-34ef-4a0d-8c1f-b54ad28b0b23,MARVEL COIN PURSE. CAPTAIN AMERICA,1
0.97,e55f05a2-f50a-4762-8651-4df1beb0809c,0cd0cc4a-f2ae-48f6-b062-d5927d1187df,FABCHOC,1
4.75,ac8d5724-d016-4b64-8705-ae0e195774a3,d718a5e9-dda0-4760-aea4-a0f1611bfa74,EXT. CORD,1
11.99,b6141ec5-dc95-44c3-92b2-6ad3214313cd,a8ce5646-3f0b-4cb6-80e1-2583364e8d75,FREE RANGE,1
40,5fbf314a-f173-430b-9a25-de147b30140f,7361516e-a043-4275-bb0d-d0f079b1658b,TJX VGCOL,1
8.5,087652a2-86a8-44a9-a032-e3d748b0aaef,e41e521d-e9d2-42ea-8096-aa5ecffbcb6e,TOMATO ROMA,1
0.94,78604ca3-e9f5-47fc-a7a7-9f38b4d0fd82,c40e450e-ea3d-4f75-af3f-36ae453b5ca2,CUCUMBERS SE,1
2.47,78604ca3-e9f5-47fc-a7a7-9f38b4d0fd82,d56ad805-bdb3-45e1-b249-7107aee6a305,CLA SLT 200G,1
3.49,3a9da0a9-e034-4f5a-b358-421322f94765,4fe504d7-1898-4be9-bc50-debe8d122a58,Telugu Idli Rava 2lbs,1
2.78,3a9da0a9-e034-4f5a-b358-421322f94765,5b2b2044-ce45-4c96-be4f-9154b151f5c1,Okra (Lbs),1
24.99,931e7732-871e-4289-9f48-09f39440945d,ace92afb-9681-46cf-8aa9-58823667708b,KS TOWEL,1
3.25,79dd6315-1c82-4baf-a556-db40607b62c9,90ffa326-cf67-497c-8ff9-6acfb160837c,ZIPLOC 20CT,1
9.49,263fedba-9408-42c2-8097-7038f4b05612,3ef1eefc-0516-4392-87a0-443e79e95341,ORG HOMO 4L,1
23,632e57b7-a067-4938-adce-8dfbd4d098d7,a7e18428-a556-46c4-a4d9-4be03ba06594,Haircut,1
12.97,0029eb26-dfb5-4117-a118-fecf0baeda03,4dcdadb2-98a4-495b-ac0f-80c44d4e5ac5,KNIT SET,1
3.48,5a8a61ca-ae24-4124-884d-203f827ea4f6,8e2c1594-fe4b-4896-85a7-d0c384e208e1,ASTRO YOGURT,1
3,79dd6315-1c82-4baf-a556-db40607b62c9,fda7e2a3-63d0-4f64-99b2-868286d1fd0e,CANISTER,1
3.5,ac8d5724-d016-4b64-8705-ae0e195774a3,66444205-b6bb-4856-bebf-36625d972de5,GLASS JAR,1
5.47,6e8dcc18-d2a9-4618-9528-12d213b0a5ec,4635ad13-bf4e-4a9f-8baf-b4e08893e36b,SPK VANILLA,1
0.3,0e71a6bb-26b0-4b2b-8d3e-7a5d0254e8e5,a61b229b-4f1a-4ac0-a708-7a4dfcf7cebb,M Coffee Regular,1
2.47,f5c104b7-3b47-4d8d-a21e-2b331b7a9558,5b990138-082a-4bea-967b-7b6172cf3903,LEMON PEPPER,1
1.49,b5742567-22cc-4c40-b1d0-4209a64dbc5e,ff4b239b-547a-411a-a8d2-805d2e8601bd,MINT LEAF,1
1.79,bca3ce2b-0ee6-4085-ae7d-4a3598d3c0d9,ea269390-d0e4-4744-9b29-aaa309a58898,PUJA CURRY PATTA,1
5.89,9c83240a-496e-4a09-8920-11ca59c567db,4fd16ab9-74e5-4e65-abca-38120b49bbdf,STRAWBERRIES,1
11.49,263fedba-9408-42c2-8097-7038f4b05612,40de36de-cdd6-478f-8468-eca4fa1fdd85,KS WALNUTS,1
5.99,f6e8bdfc-fa15-473c-b9b3-0c1d0acf94ef,e9f592fd-cd7e-4fde-acd8-c94329040b05,ROYALE BTHRM T,1
1.14,a68865be-4f30-4c7c-9f8c-17b859372257,f8e8c0dc-2145-4f64-a864-a64a2aaff6d1,PISTA-ALMOND,1
9.99,4c393d2f-337c-4cd4-b855-266d3c5d2e0b,07896334-d83c-4586-8b4f-33f86b085a0a,ORG HOMO 4L,1
11.07,b0594e81-993d-4fd4-9525-020827a4e3b1,2666019a-bd29-4cc3-ada2-bb1a206c1568,Egg Cheese McMfn,1
3.49,3a9da0a9-e034-4f5a-b358-421322f94765,e08ee844-5e0b-4939-8be9-db9271d442ef,Laxmi Till Chikki 200g,1
1.75,79dd6315-1c82-4baf-a556-db40607b62c9,6840c1ae-5071-4fc1-a62b-3887ad227e8a,METAL BROOM HAND,1
2.49,4c70e3a7-cdd0-49c5-a2d9-1b596c386591,2cf498c8-88c5-407a-bdca-7ddef2a4d122,Curry Leaves,1
6.99,22d35c96-ea46-4052-889a-b9f3a10dd8e5,f996d2c0-ee61-43e5-8067-ba692bd63593,POTATOES,1
6.97,0029eb26-dfb5-4117-a118-fecf0baeda03,5b1ad294-bac1-4e83-934d-bbf60479712d,GLAD WT,1
160,2dca59f4-0f12-43f1-ad3e-07e3975305e2,d59b4966-68fd-49ec-87cf-40986221f504,"REPLACED REAR DISC PADS & ROTORS, SLIDER SERVICE",1
0.99,bca3ce2b-0ee6-4085-ae7d-4a3598d3c0d9,7904ce18-c5f6-4944-9494-4310f952d2f8,MENDHI CONE,1
2.69,ff4bf154-4502-4c87-a756-a0c2d7c69b95,50c6da3a-f177-4daf-9a7d-d6a66af2eed3,FSB CHOC. SHADW B,1
3.48,f5c104b7-3b47-4d8d-a21e-2b331b7a9558,09e2a6f5-7a8b-4983-919e-32a2e42e03ed,DM MILK CHOC,1
6.99,4c393d2f-337c-4cd4-b855-266d3c5d2e0b,083be4b1-7690-4a4a-a150-c217483ace8e,BLAKBARRIES,1
7,276411f2-e567-4fcb-a4ed-854dbcf1f954,c5515856-2807-464e-9872-2613d03774ca,SKATER DRESS,1
4.5,a54604bc-a6eb-4c7d-92b9-b914ae53efab,d2e19d95-85d1-45ea-a33c-64d2b9923340,LARGE PAPER BAG,1
1.99,3ab8b4c2-824a-497e-9ee6-8981dac114cd,02fa1531-ab7c-4ab5-b168-76d0cd723882,Crayola Ltd Editio,1
2.11,42f513d8-d453-4cb2-a4dc-4ece8f7b4068,c073f04c-d39d-462b-bb02-9ab6ba59ba61,Green Beans,1
1.77,e55f05a2-f50a-4762-8651-4df1beb0809c,4ba04113-bb8b-4294-8333-52993cfedeb7,HR KASHHIR,1
0.98,f5c104b7-3b47-4d8d-a21e-2b331b7a9558,24df8366-9d83-47c6-a5d7-c4678f1a0506,CHAYOTE SQUA,1
0.94,e2566cac-613a-4ca5-95ee-850d92317482,eae695c7-bf99-46ea-8957-40e52c386e2e,CUCUMBERS SE,1
2.29,bca3ce2b-0ee6-4085-ae7d-4a3598d3c0d9,eff62043-4e32-4526-a649-680ff207ddc1,CORIANDER FRESH,1
4.49,42f513d8-d453-4cb2-a4dc-4ece8f7b4068,ebad4cb8-6987-4b13-aad8-2e2a9ca028a3,Bhindi Indian,1
2.99,64d52603-6abb-4182-bb63-f1a89858bae6,6a387f89-eb15-4bfd-bf9e-304ea0dd3911,Laxmi Mustard seeds 400,1
5.5,f4d98277-871c-4b8d-9905-b3c0877c006f,11ad13a9-9702-4ea1-bb58-535c7dab3f4e,TPD/1458554,1
8.99,e30cf3a0-5c63-4e02-aaa8-71a9a06ec46a,03c70156-c600-492e-9588-8c63d3d2cad4,VARIERA shif insert,1
11.99,b5c3d883-24ce-4396-a344-ff7d842a10c9,7dd6a281-f434-4141-accd-752c70f23a8d,NATURE BAG,1
4.97,f5c104b7-3b47-4d8d-a21e-2b331b7a9558,8f688e82-7dcd-4599-93f5-eeab212a5bec,SUNDAE SYRUP,1
1.49,01c8e89e-90d6-48fd-a916-87034a4da925,bec1b1c5-7404-45a2-aa56-1486de3e61d9,Mint,1
0,edc8051c-9d29-49d9-91bd-a8b11ba8cc57,5538ee02-04ae-4675-87e0-dc0c76fa59f4,PRODUCTO 5,1
7.99,e30cf3a0-5c63-4e02-aaa8-71a9a06ec46a,6a534a27-de6a-4b0c-a5bd-a27c5ee3657c,IKEA 365+ food conta,1
9.99,58bc0874-096b-49d1-8cf6-86e9ca368fdd,7d3711df-dcac-44bc-8768-8979e6745a4c,ORG HOMO 4L,1
4.99,b2c07086-1087-47f2-8c83-aa69ec914431,0ef62418-b66e-4f91-a64d-bd6e220930a7,MÄLA WHITEBOARD,1
3.47,087652a2-86a8-44a9-a032-e3d748b0aaef,533fdcc8-dfa6-4994-ab4d-99aa6910c5d0,DEMP 100WW,1
0.6,e2566cac-613a-4ca5-95ee-850d92317482,eb1c5dac-9358-4f03-af95-ef41a38671b7,ALC DEP,1
4.19,510324eb-7c58-48c6-972b-a288c4e7e3d0,c37e6dd2-1565-4a56-bfe2-15f971f21b16,Hotcakes,1
9.49,263fedba-9408-42c2-8097-7038f4b05612,431cb964-47ea-402d-a81c-8287a1f22570,ORG HOMO 4L,1
7.48,580a0e8e-6c93-41ae-8d6f-f4fa05cae95d,a9cfe4ff-c6a7-4d90-92b1-3ef30df2eed0,WATER SOFT,1
17.97,276411f2-e567-4fcb-a4ed-854dbcf1f954,8412050b-ab28-491d-8d13-0609c761d3de,13.50ZBOTTLE,1
2.47,e2566cac-613a-4ca5-95ee-850d92317482,28d77e37-db19-4905-9155-e49c7647d97b,CLA SLT 200G,1
3.48,0029eb26-dfb5-4117-a118-fecf0baeda03,2f66f1ec-5192-48c7-9e8f-b42b7a6f0615,ASTRO BALKAN,1
4.5,79dd6315-1c82-4baf-a556-db40607b62c9,10cd5c3f-f053-4707-b867-6465d2e9a938,SHELF LINER,1
8.99,f4d98277-871c-4b8d-9905-b3c0877c006f,8f963b19-5ca5-4b42-924c-46212de20133,ORG HOMO 41,1
5.99,324ca7a5-30e8-43df-be01-b27adc23678c,633b0c4b-317a-4271-8709-68c4d4aa683b,Driscoll's Strawberry,1
-2.77,5fbf314a-f173-430b-9a25-de147b30140f,a1f2e565-7184-4db4-9440-3828edbdf562,CD RSBY LEMO,1
4.99,d540c89a-8fb6-4343-8644-2adeed809fd2,393bcbab-5923-4c32-8666-0a2c7639e6f1,Mango Lassi,1
2.29,4c70e3a7-cdd0-49c5-a2d9-1b596c386591,2b55d5f4-669d-4e7e-8c09-a21d963867a5,Papaya,1
1.99,3ab8b4c2-824a-497e-9ee6-8981dac114cd,82703030-6885-42fc-9dff-b9659861af3a,Crayola Ltd Editio,1
1.98,f5c104b7-3b47-4d8d-a21e-2b331b7a9558,490e85b6-b6c4-4e40-b9c9-c00237c4c347,PM100 10FASH,1
75,dbac6251-b5ec-4d34-b4a6-23bdaf5b3a7e,cd9a4505-b5ea-40b8-bbcc-30218dd29daa,CALIPER LABOUR,1
0.48,b7cea157-701f-45cb-b831-8934e259132f,478b1a8a-97cf-4596-8e3a-2ff54affba97,CORN BULK 2 AT 1 FOR,1
3.78,a68865be-4f30-4c7c-9f8c-17b859372257,103c5c57-5d12-4c30-a36c-d65dd9f4e5d3,VILL WT BRD,1
17.97,f5c104b7-3b47-4d8d-a21e-2b331b7a9558,6400580f-6f5d-460a-a56c-65bc24aca19a,1202 FNBTL D,1
9,6e8dcc18-d2a9-4618-9528-12d213b0a5ec,5949730d-abb4-4b52-82a3-2a4225b0b805,FIFA BRASIL,1
5.99,b2c07086-1087-47f2-8c83-aa69ec914431,aa9cf136-dd41-4673-a113-42f174a1ca78,MÄLA NN APRON W,1
3.59,b5c3d883-24ce-4396-a344-ff7d842a10c9,76d83c2d-affb-4d32-8f2d-4ca70be9c39e,SPINACH,1
1.5,88126b55-5720-4d8c-9298-9f469360b5e5,3fd10f03-f7e8-4093-a0ee-350601cd0037,PLASTIC DUST PAN,1
7,0029eb26-dfb5-4117-a118-fecf0baeda03,219eeabc-4f9c-4278-812a-245f1e22363a,BOYS SOCKS,1
9.99,42f98deb-801e-4116-8688-35d53ed396ff,25c01286-0a06-4eba-b595-dcc679203248,PLAIN DOSA,1
13.99,263fedba-9408-42c2-8097-7038f4b05612,beea235d-9b0e-4f71-8e8a-81688b054a96,BOWL CLEANER,1
2.99,22d35c96-ea46-4052-889a-b9f3a10dd8e5,312fd4a8-f48c-4fef-9086-aeea3e683158,ORG FT BANAN,1
7,dfd9e75d-77bc-4598-ad73-6db091178332,cd7dc6e0-426b-4428-af05-603cf4ca4497,TPD/1375575,1
0.99,f9d18c99-1ab7-4cb2-a7be-a8a3bc9b652d,05fbf734-49a3-40c0-915b-9888bdf99787,((PD SINGLE CA,1
67.49,df683175-8acd-4af4-999f-c48a06806330,cf5dcacd-e506-4525-98c3-8f33c70535a2,WATER SERVICE CHARGE,1
4,f5c104b7-3b47-4d8d-a21e-2b331b7a9558,9fd504e1-0b8d-4582-a7c4-d2a39c791bbd,SLT RAISIN,1
3.5,f4d98277-871c-4b8d-9905-b3c0877c006f,ee76dcfd-40d1-429b-89c8-58885adac340,TPD/1027677,1
2,f4d98277-871c-4b8d-9905-b3c0877c006f,7a5b489c-1737-4691-a924-ec8710d23e81,TPD/1441756,1
6.45,f4d98277-871c-4b8d-9905-b3c0877c006f,31d837eb-bb23-41d5-8198-f57f6592bc32,HOMO MILK,1
10.29,f361abef-7ae4-43ec-9e26-2f7ca04056ca,8ead230b-add4-4a37-ac7e-2a134a3ff715,Spcy Strips 4ct,1
10.28,5cd4bf00-a912-455a-aa7f-c2232813ce32,54c69cc0-6924-440e-8f2c-2bc88c036207,ASTRO YOSURT,1
1.97,f5c104b7-3b47-4d8d-a21e-2b331b7a9558,b323d280-9423-42c1-ac6a-64a7f18e77b4,ICBINB 212G,1
2.99,640011c4-8b1e-4fcf-8aa1-2476f3339f27,9509bd1a-9a7e-4c41-919d-7bbbe160ca3b,MC BBQ/LIGHTER,1
18.99,22d35c96-ea46-4052-889a-b9f3a10dd8e5,735eb153-59d0-40ab-9843-588cce91c281,KS WALNUTS,1
6.1,42f513d8-d453-4cb2-a4dc-4ece8f7b4068,f57803f0-9a14-4c23-98eb-7647b8c48e10,Guava,1
15.99,931e7732-871e-4289-9f48-09f39440945d,ff4ec060-df00-497d-ad16-e58968559e30,BLUJAY TEE,1
1.13,a54604bc-a6eb-4c7d-92b9-b914ae53efab,8585bcf0-fc56-4810-b5a3-b67c20052951,MARVEL FRAME. THOR,1
12.49,931e7732-871e-4289-9f48-09f39440945d,acb5b54c-d44b-4272-9cdb-49aaf9290e60,KS ORG EGGS,1
34.99,b2c07086-1087-47f2-8c83-aa69ec914431,2bce0959-d066-4f32-8368-df4ddfb305da,MÄLA N EASEL,1
3.44,3a9da0a9-e034-4f5a-b358-421322f94765,5588423a-f7e3-4dda-acbf-ffbbfcd010d3,Valor Beans Ibs,1
6.97,f5c104b7-3b47-4d8d-a21e-2b331b7a9558,33bd2243-faed-46a4-969e-3ba3a45520e9,DUSTPAN SET,1
15.99,263fedba-9408-42c2-8097-7038f4b05612,6d66c9b7-d97e-4cad-8dd9-d245f6df1837,KS MOZZA 1.1,1
1.5,79dd6315-1c82-4baf-a556-db40607b62c9,22d1c123-c74b-4775-be1c-e5fd1b5fe008,SPONGE,1
2.47,78604ca3-e9f5-47fc-a7a7-9f38b4d0fd82,8649afa2-3398-4b69-ad7f-da4e38e4c37a,CLA SLT 200G,1
14.99,b1674148-2d59-4560-a48b-a4199c5bde90,96842457-b750-4057-8a7e-f8d5f16747af,EVERYDAY Q LIN,1
9,63ceff8b-8e1f-4425-8344-ccfff5dae084,dc3df036-1821-4365-899a-98e1b7386f6b,Acces Coldweather,1
71.64,eac98d80-eab8-4e97-a322-5c7a51ef5b03,9d94579e-2621-4d32-b3ca-6a806e97ffeb,REGULAR FUEL,1
7.97,b7cea157-701f-45cb-b831-8934e259132f,9d1db73e-5a98-44f4-b887-4d1ceaed458b,GV CANOLAOIL,1
3.5,ac8d5724-d016-4b64-8705-ae0e195774a3,028c3cb5-6ce2-4ff9-a64a-8d077e0b2a53,STRAGE CONTAINER,1
7.47,f5c104b7-3b47-4d8d-a21e-2b331b7a9558,88ef92f2-44cb-4944-8921-894e1bd67743,HE SH 400,1
27.99,01c8e89e-90d6-48fd-a916-87034a4da925,52f7349a-25b9-4fbb-9424-37f12b0cb0d4,Thelugu Handpound Rice,1
62,dbac6251-b5ec-4d34-b4a6-23bdaf5b3a7e,2ff8ea6d-8e8f-4957-ac9c-fb1bea5aa455,Disc Brake Rotor (Rear),1
60,b2c07086-1087-47f2-8c83-aa69ec914431,056d7977-8cd5-4f00-a5c9-99166e7aa1ce,LAGKAPTEN,1
14.97,4c393d2f-337c-4cd4-b855-266d3c5d2e0b,9da5c228-5003-48ec-99dc-2f6f45ebff7e,LIBBEY 16PC,1
1.97,f5c104b7-3b47-4d8d-a21e-2b331b7a9558,c32c7a8b-e316-4349-a965-5f5e04bf2763,PEANUT TASTY,1
1.29,e0f1c2c0-60a4-43e9-ad51-cb3c5fe64d99,28ca58f6-35ea-45ee-ab2d-182c77c6fb8b,"M Fruitopia Strawbry
NO Ice",1
14.49,640011c4-8b1e-4fcf-8aa1-2476f3339f27,a23592ac-f02c-4201-8fd4-2c64e0de6f30,"RU LUMP CHAR, 8",1
1.99,3ab8b4c2-824a-497e-9ee6-8981dac114cd,94f19b5e-3d3e-4833-8472-43dca280870b,Crayola Ltd Editio,1
2.5,88126b55-5720-4d8c-9298-9f469360b5e5,023d4b2d-a5d4-4484-b4fa-e50ec0ac64fb,TURNER,1
6.27,6e8dcc18-d2a9-4618-9528-12d213b0a5ec,d8eeca49-21f5-4562-b3d2-e2707214e6eb,SK RED BERRI,1
2.99,64d52603-6abb-4182-bb63-f1a89858bae6,e5c730ce-5b1e-4157-83ca-7f39f85c06b3,Laxmi Takmaria/ Basil S,1
3.48,a68865be-4f30-4c7c-9f8c-17b859372257,fa606405-438b-451b-a06e-750d64ec4c8b,ASTRO BALKAN,1
2.57,e9a9eef3-b150-4bb4-b25a-ba238c93b0f0,9ae8871e-758d-44fe-9762-0b7bb5880d9c,ET PANT,1
9.98,41d3386d-a294-48b5-97db-548814c7898c,6ab9f839-5cf2-4fc2-98e6-46c2e57c00c6,EGGS,1
10.39,f361abef-7ae4-43ec-9e26-2f7ca04056ca,93e9cc49-553b-4918-95a6-547d8201d2b5,12ct Nugget,1
21.11,f5c104b7-3b47-4d8d-a21e-2b331b7a9558,9599605e-671c-4757-a23c-55c6cb9f6127,CHK B/S THGH,1
9,fe110c47-98fe-469f-b714-a5ad105a935f,c347f7c3-4018-463a-bb28-3a4d176b7752,Cheese Slice,1
0.97,78604ca3-e9f5-47fc-a7a7-9f38b4d0fd82,8ba986c6-6674-43f6-891e-712d101d8d2b,ONION SCAL,1
26.16,df683175-8acd-4af4-999f-c48a06806330,2305a36e-db3a-4864-994c-51af691b0614,SEWER SERVICE CHARGE,1
2,79dd6315-1c82-4baf-a556-db40607b62c9,a2d41e03-eb47-486b-b397-fb257acc2c80,VELVET SCHUCHTES,1
13.99,22d35c96-ea46-4052-889a-b9f3a10dd8e5,b496cf5e-05e0-47d9-a9a3-39b4ca756bd6,JAMIESON VIT,1
0.6,087652a2-86a8-44a9-a032-e3d748b0aaef,14293351-da85-4792-8d3e-23ffdffd917b,ALC DEP,1
0,0e71a6bb-26b0-4b2b-8d3e-7a5d0254e8e5,d992410f-9218-463f-9fcc-f276d37ccb90,Not This Time,1
0.94,580a0e8e-6c93-41ae-8d6f-f4fa05cae95d,4fd48b0a-c7f8-450b-bac3-53c84e3fc0b7,CUCUMBERS SE,1
12.99,263fedba-9408-42c2-8097-7038f4b05612,d8b3d3a9-4af4-4f48-b569-599a8344dc4d,TRIMFIT SOCK,1
4.5,ac8d5724-d016-4b64-8705-ae0e195774a3,de4b91a3-16e3-4848-9659-e4d7da6cd3d1,SOUP BOWL,1
2.49,e30cf3a0-5c63-4e02-aaa8-71a9a06ec46a,0d8daaa2-3bcf-4c95-ba94-bcf013bc0263,VIDEVECKMAL dish brs,1
10,369cbc5b-c52c-47c5-96e9-3ad048b8a7fd,4b106ade-f4ed-4ea3-918a-b2fd22044314,ROYAL NUTS,1
2.47,087652a2-86a8-44a9-a032-e3d748b0aaef,0c47a2c1-d88d-44f7-bdc7-4238cd7d3091,CLA SLT 200G,1
0,edc8051c-9d29-49d9-91bd-a8b11ba8cc57,a04db213-0797-4a0e-b2c9-b6cbd11981c9,PRODUCTO 6,1
1.5,ac8d5724-d016-4b64-8705-ae0e195774a3,4ee7df99-43e7-4d6e-ada3-bb4c529e7b28,CLAY,1
10.77,e2566cac-613a-4ca5-95ee-850d92317482,cf3975f7-da7e-4cb7-84cb-ba63f14bc365,HEINEKEN 00,1
16.99,f4d98277-871c-4b8d-9905-b3c0877c006f,13f5732c-b204-4ad7-b53f-1297056726c0,MOTZA STIX,1
1600,b1b3d156-d270-4a9d-8ea8-428ba0fc4fd2,5317262a-0a24-4362-9d50-93de0cec8779,Remove & Replace A/C Condenser (1-Year Warranty),1
9.99,b6141ec5-dc95-44c3-92b2-6ad3214313cd,3765d7e4-71c4-4edc-b250-8b75301933dd,ORG HOMO 4L,1
24,fa2e5655-49d1-4170-b0e7-73cba54a1837,c21dff51-d072-41dd-8f1d-3eb413a5e7a0,Adult (12+) - General Admission - August 2025,1
11.14,5cd4bf00-a912-455a-aa7f-c2232813ce32,a8583f4c-9845-4fb2-a65a-2bd42432d6fd,ASTAD YOGURT,1
0,0d5e41ec-470b-4547-a2ba-f200612960fd,fe10b5e8-c94b-47fe-8bdb-4f49a7f532e5,ADD Sugar,1
4.99,0e71a6bb-26b0-4b2b-8d3e-7a5d0254e8e5,ac91b6dc-f320-4d96-b34d-6ee18c7ae2af,HM Hotcake HB & Yog,1
10.88,5a8a61ca-ae24-4124-884d-203f827ea4f6,947d332d-746e-4f6a-90d8-10ca3b6fa906,4L HOMO MI,1
3.88,e2566cac-613a-4ca5-95ee-850d92317482,3f4c7553-141b-4c60-b6e3-50d1083fd33b,BREAD-BUNS,1
30,369cbc5b-c52c-47c5-96e9-3ad048b8a7fd,df51f093-1901-4437-84e4-f70d2444e4c0,SKI PANT,1
3.96,42f513d8-d453-4cb2-a4dc-4ece8f7b4068,28973740-4e5e-4f64-b8f3-4e33e337ee00,Samosa Patti,1
4.95,324ca7a5-30e8-43df-be01-b27adc23678c,faeac21e-fd04-4886-b7ca-4da1a888cecc,Star Fruit,1
1.99,4c70e3a7-cdd0-49c5-a2d9-1b596c386591,967069ad-e671-46df-8ff3-64e2ffb8f638,Dhana (corriander),1
24,a68865be-4f30-4c7c-9f8c-17b859372257,366d1b1d-da80-434a-a6a6-e4cd1e7b66ae,FOOTWEAR,1
0.05,01c8e89e-90d6-48fd-a916-87034a4da925,0733638d-c635-458a-b734-302bbc80fc0c,A. shopping bag,1
7.99,dfd9e75d-77bc-4598-ad73-6db091178332,c08e9cea-b818-43fe-b268-a77e33c98bec,CLEMENTINES,1
1,64d52603-6abb-4182-bb63-f1a89858bae6,95fc2888-bbbb-4d24-be52-340db6732b09,A Grocery No Tax,1
78.97,362de101-21d0-4b79-b739-3de8ba0ae8e0,885d1e3f-534a-4827-8f60-a8e458e662cb,SILVER,1
16.99,d86595e3-5054-4e25-ac33-f9c8131353f3,153fff44-34a5-4877-a2e4-87583cffe440,HR FRESH PANEER : 800 GM,1
2.84,e999851c-a52f-4f1d-a861-d341fe35dc59,7fdc6eea-6c66-436a-ba75-4d7f6f88019d,STRAWBERRIES,1
1.44,0029eb26-dfb5-4117-a118-fecf0baeda03,13472fcc-1fd9-4e72-975a-5841f71881a7,ASTRO TUBS 3 FOR $9,1
3.96,b7546bf0-eb6f-4237-a36e-c6069706d73f,19499aa1-611a-4e4b-bc61-c2bdeb20b91e,"SY CHOC240Z
MOOTH DRY",1
3.16,64d52603-6abb-4182-bb63-f1a89858bae6,5810eb0a-d4c4-426b-b132-8df5348aea17,Potato Loose,1
0.94,e999851c-a52f-4f1d-a861-d341fe35dc59,d70bb0c9-1207-4af9-9e6b-dc1dc028454e,CUCUMBERS SE,1
2,79dd6315-1c82-4baf-a556-db40607b62c9,48f14c54-00ef-4cf4-8b97-e252566546d6,SEASHELL CANDLE,1
3.28,e999851c-a52f-4f1d-a861-d341fe35dc59,9153bda0-0a50-4dbf-a058-a90201519a65,LG SQUASH,1
4.77,e999851c-a52f-4f1d-a861-d341fe35dc59,90e5e55e-cb67-42c6-bf9c-da55737f6b7a,AMBROSIA BLK,1
9.99,41d3386d-a294-48b5-97db-548814c7898c,8cfb00ba-2898-49fc-9771-6f6091b8fada,JEWELLERY,1
15.99,fb3a5657-9fb5-45bc-8233-89d6db9f4180,e77a69e6-9364-4df1-9bcf-bc26749049e5,Basmati Pre Rice,1
0.94,087652a2-86a8-44a9-a032-e3d748b0aaef,6b1c25fe-d7dd-47f9-bbd8-89bf784d6c0a,CUCUMBERS SE,1
2.49,42f513d8-d453-4cb2-a4dc-4ece8f7b4068,34054dd7-bedd-4196-9ff3-e0168a16f3d4,Dhana (corriander),1
7.99,b1674148-2d59-4560-a48b-a4199c5bde90,cfb865d1-568f-4e29-8671-f3c8cdc4636e,SEASONAL Q LIN,1
1.99,d86595e3-5054-4e25-ac33-f9c8131353f3,0c87ea0f-0a27-48bd-b28b-c6d3e359b59b,CAULIFLOWER,1
3,79dd6315-1c82-4baf-a556-db40607b62c9,e4dad0db-4fd0-4f89-9e37-ec0068c00047,MINI PLUSH,1
2.77,34748829-1999-4625-ba53-17019e1db53a,99ba221f-8bc6-4e26-bf7b-998c491d5e06,FANTA PAPPLE,1
47.99,f4d98277-871c-4b8d-9905-b3c0877c006f,d64d0e82-9ed2-4126-b7b1-fef9b22ad1ad,PULL-UPSPLUS,1
-3.65,41d3386d-a294-48b5-97db-548814c7898c,34bc4cdb-b700-442f-8186-1640c21737bf,EGGS,1
23.99,b6141ec5-dc95-44c3-92b2-6ad3214313cd,f43c78fb-044f-4809-9c23-ff27e75837b6,ROSE BOUQUET,1
8.98,f5c104b7-3b47-4d8d-a21e-2b331b7a9558,0f878177-b8f7-4e95-bbaf-da36314bd681,AU SH KIDS,1
2.98,bca3ce2b-0ee6-4085-ae7d-4a3598d3c0d9,3a868341-f036-40e5-a814-8033abf893f8,PAN LEAVES 10PC,1
1.18,a68865be-4f30-4c7c-9f8c-17b859372257,1843865d-722c-45f1-b733-67b7dc896534,F20 LIME TWI,1
3.8,e8c7c221-9b41-440c-a359-16354b322cc9,ca0f4120-81fa-4fa8-bf23-36764df4f68b,BULK PINK LA,1
4.48,34748829-1999-4625-ba53-17019e1db53a,840e994c-208b-434a-b62f-3006bca4d6b4,TAK FUEG,1
2.97,6e8dcc18-d2a9-4618-9528-12d213b0a5ec,fbec68f2-94d2-4352-9903-21c0065afffc,PRN SCO CRIS,1
0,dcc24a06-47d8-411e-a864-68276602b076,e4d5afe9-cbca-40a8-be17-bf6ac680c8ca,GF/Vegan Gravy,1
12.49,263fedba-9408-42c2-8097-7038f4b05612,ce9c76f8-a616-40d0-973d-6b0bb9f902ff,KS ORG EGGS,1
0,0e71a6bb-26b0-4b2b-8d3e-7a5d0254e8e5,086c847b-f458-469d-8d0a-d52d653a2729,Toy with Meal,1
1.5,88126b55-5720-4d8c-9298-9f469360b5e5,a4c83013-4b8d-4435-87da-36cf1f0ec93c,SHAKER,1
9.99,931e7732-871e-4289-9f48-09f39440945d,33dc0e7b-05bd-4aa8-b696-f4b82fe072a8,ORG HOMO 4L,1
25.78,22d35c96-ea46-4052-889a-b9f3a10dd8e5,85232647-d2b4-4b51-bada-25e7da18b5ae,ORG CHKN DRM,1
7.78,324ca7a5-30e8-43df-be01-b27adc23678c,9006c6c7-8a88-4957-adf3-292efe5764f9,Taiwan Guava,1
71.02,22aee4ab-c2fd-4f44-b157-4fa8fe7d752b,3b544e5d-a3c2-499d-aa34-463905f34283,Unleaded Fuel,1
1.65,b5c3d883-24ce-4396-a344-ff7d842a10c9,d08c8bde-5cda-4d22-a9d3-238b94fccd62,BANANAS,1
6.5,c328003f-1c0c-4d00-a8f5-c55bd24a7c57,65536352-958b-4ea3-a2f0-6e3d7f58f58c,TOM YUN SOUP (SM) CHICKEN,1
18.99,c85fe9c9-fba9-4c7a-bdc2-b2f3a11bb583,4cfa627a-6378-4434-973d-b555d8250cca,Capital Chicken (ROYAL) + Medium,1
21.99,277fce4b-3883-4247-b100-33343778d1c5,cb90c688-2d54-445b-9364-dacf8159a820,"Telugu Sona Masuri Rice
201b",1
12.99,263fedba-9408-42c2-8097-7038f4b05612,67c417c7-7b5d-4e43-85e9-23afb9091b4c,ORG. DATES,1
16.97,f5c104b7-3b47-4d8d-a21e-2b331b7a9558,d732591d-82a9-45c3-b607-96db542ed164,12 SS BTL,1
0,f361abef-7ae4-43ec-9e26-2f7ca04056ca,e9b5fe6d-67b2-4dbd-859f-1b847b2f98b7,Bacon,1
20.99,9eca44a9-99a2-42c7-9d8f-57a0015b1d0f,4c456822-8c5b-422d-b5d7-1b955ebcb954,"QK CNCRTE PTCH& PADS, FINAL",1
23.99,f4d98277-871c-4b8d-9905-b3c0877c006f,c6d19d80-877f-4af6-933e-2ebe87e14f53,**KS TOWEL,1
10.88,5a8a61ca-ae24-4124-884d-203f827ea4f6,b2aaf234-f82b-4c17-a098-b83b686a32bc,4L HOMO MILK,1
32,20c8a193-7ae5-487a-9a5a-f31d011fc0df,570f654d-cb0e-4843-af1f-eed646411853,Cajun Shrimp Tacos,1
3.47,e2566cac-613a-4ca5-95ee-850d92317482,f3f99528-7ddb-4434-a0df-d519187419ef,DEMP 100WW,1
4.19,2777c8bd-173a-4b9c-be96-b5a15eea6b00,56d2d5d0-e6e7-40f4-a101-b7f071f940e4,Hotcakes,1
1.99,3ab8b4c2-824a-497e-9ee6-8981dac114cd,01b004bd-5e91-4383-89b9-5b4b238f9ac1,Crayola Ltd Editio,1
7.48,369cbc5b-c52c-47c5-96e9-3ad048b8a7fd,8d82f70b-8067-4f56-86ee-c4c7f042b648,GL-UNSLT-STK,1
23.99,58bc0874-096b-49d1-8cf6-86e9ca368fdd,da42bc4c-0eb0-4a75-a6ab-187867ea0ef3,QUANTUM,1
10.88,e8c7c221-9b41-440c-a359-16354b322cc9,df1399c7-e70e-4c30-be6b-2f76ac200c35,HOMO MILK 4L,1
9.99,931e7732-871e-4289-9f48-09f39440945d,22534d1f-df4c-42ba-b4d3-e209a4f3a38d,ORG HOMO 4L,1
4,369cbc5b-c52c-47c5-96e9-3ad048b8a7fd,1811993e-858c-4e90-a0db-7e1ea97244f6,GBIB OPP JOG,1
4,f5c104b7-3b47-4d8d-a21e-2b331b7a9558,9e684a1a-b7b4-47c8-adf8-da07c8256c2b,DR CRNBY TUB,1
2,b7546bf0-eb6f-4237-a36e-c6069706d73f,bf1186e2-0c7a-4621-94bc-990b0cc56318,NAC CAN,1
1.99,64d52603-6abb-4182-bb63-f1a89858bae6,c93aa1e5-a96c-4c0b-a8cd-1ee42499c995,Cabbage 1/2,1
4,dcc24a06-47d8-411e-a864-68276602b076,4e697d99-7163-4eb4-a106-c56f24bbc03b,Bottle Water SM,1
3.89,f361abef-7ae4-43ec-9e26-2f7ca04056ca,4d2ec5ef-eef7-431e-8320-bf4aca010fc5,Fries MD,1
38.48,e79c0b78-a59d-4659-9553-d03ddc8939e0,6f2aacd6-433e-426d-bf13-e5573edaf10e,FROZEN MEAT,1
1.5,79dd6315-1c82-4baf-a556-db40607b62c9,18165d41-fb40-4481-8bc6-82a95dff084e,MINI MARKERS,1
12,2e3fe786-8c48-4df6-bded-949a5db6b519,efd29801-0fc7-4b7c-8062-6c2bc5f18fc2,HOODY,1
6.15,dfd9e75d-77bc-4598-ad73-6db091178332,f64febc8-6ea9-4d73-8cda-fb24a9e46b17,HOMO MILK,1
4.36,3a9da0a9-e034-4f5a-b358-421322f94765,06ff2a5f-5ab1-4f19-ae84-d7b9d35277a8,Banana small,1
4.99,f4d98277-871c-4b8d-9905-b3c0877c006f,3b3d2fcc-5be0-4635-aaa1-f2617eaeba31,SPINACH,1
12.99,b6141ec5-dc95-44c3-92b2-6ad3214313cd,04ba4808-6e6c-4c8d-9e31-43f57de074fa,AVOCADOS,1
5.97,369cbc5b-c52c-47c5-96e9-3ad048b8a7fd,56747230-68a2-4589-b9bf-6f035512c2d5,LIC SOCKS,1
17.99,f9d18c99-1ab7-4cb2-a7be-a8a3bc9b652d,785bb87a-15f1-4d39-8ae2-b121827ecd1b,"MAT, MONTANA, 3X4",1
-0.96,42f513d8-d453-4cb2-a4dc-4ece8f7b4068,da7cd196-db15-48f7-abe9-059c7154a9b6,Samosa Small Punjabi,1
5.48,e8c7c221-9b41-440c-a359-16354b322cc9,ef7ed427-b1e6-491a-a1cd-f8965a0e34f0,MAG STRAW,1
6.97,f5c104b7-3b47-4d8d-a21e-2b331b7a9558,95754641-4e1b-4931-bac7-ab342c5dffbf,CHIPITS CHOC,1
3.99,3ab8b4c2-824a-497e-9ee6-8981dac114cd,93683f39-0369-44b6-9a50-1482e085f42a,BUBBLE EXPLOSION T,1
16.97,2e3fe786-8c48-4df6-bded-949a5db6b519,74053939-21f6-445a-bd32-3e22db215868,BACKPACK,1
1.14,a68865be-4f30-4c7c-9f8c-17b859372257,c8e239fe-7608-420f-b1c7-086632330fd3,PISTA-ALMOND,1
0,0e71a6bb-26b0-4b2b-8d3e-7a5d0254e8e5,3913cc30-54b0-4dee-ac9f-a6ae7a2982fe,Hash Brown,1
0.94,580a0e8e-6c93-41ae-8d6f-f4fa05cae95d,7bdac748-6826-4516-9605-8792c5b25b84,CUCUMBERS SE,1
2.44,276411f2-e567-4fcb-a4ed-854dbcf1f954,b441a186-b5fe-4773-a5aa-70d33fa36aa5,BLUEBERRIES,1
9.99,e30cf3a0-5c63-4e02-aaa8-71a9a06ec46a,4f2f6b22-fe2d-49f0-bf3e-32e56b1975a9,TOFTBO bath mat 50x8,1
8.4,4c70e3a7-cdd0-49c5-a2d9-1b596c386591,a273dd0e-b28e-454f-8d84-59ab819fd0a6,Cabbage,1
8.25,20c8a193-7ae5-487a-9a5a-f31d011fc0df,bb7d9f76-bf00-46cc-ab8f-c1c098f2e8e7,Watermelon Glass,1
0.5,ff4bf154-4502-4c87-a756-a0c2d7c69b95,29a35346-4469-4a96-9b02-59191ea13bb9,LEA BAKERY PIS.C,1
2.96,e999851c-a52f-4f1d-a861-d341fe35dc59,5c233adb-0052-4be6-9a28-bbc023e60952,LAYS CLASSI,1
1.5,e30cf3a0-5c63-4e02-aaa8-71a9a06ec46a,e6bb8d95-388b-4893-8879-325099f33560,IKEA 365+ lid round/,1
0.33,bca3ce2b-0ee6-4085-ae7d-4a3598d3c0d9,5f3841aa-afa6-45f0-8ff3-c9792dabf1bb,ALPENLIEBE LOLLIPOP,1
5.99,0ba02a93-2267-4cf2-be7d-65bb02b0ecf2,24648402-234f-49b5-b2a8-0ed09e78a695,COOKIE Oatml Choc 12,1
15.48,78604ca3-e9f5-47fc-a7a7-9f38b4d0fd82,4b2a5749-9b46-4bf5-9448-478c1133a1e6,CORONA 6PKB,1
0.94,e8c7c221-9b41-440c-a359-16354b322cc9,2c0addd4-2f66-4b94-98b4-5ef5acddb1c9,CUCUMBERS SE,1
1.99,3a9da0a9-e034-4f5a-b358-421322f94765,f4429c5d-08cd-4999-bae8-9291c97893c4,A Grocery No Tax,1
2.47,e2566cac-613a-4ca5-95ee-850d92317482,c155665d-d97e-4ad7-bdba-8aa03b933944,CLA SLT 200G,1
3.48,e999851c-a52f-4f1d-a861-d341fe35dc59,e8a5b474-be9f-46af-81f2-7da372c331f2,ASTRO YOGURT,1
3.5,88126b55-5720-4d8c-9298-9f469360b5e5,39a015dc-d020-44a6-b854-134b33761bd0,SANDWICH BAGS,1
6.99,64d52603-6abb-4182-bb63-f1a89858bae6,57eb6a20-4b0d-49bb-aa09-66730287d040,Laxmi - Kabli Chana 4lb,1
3.48,f5c104b7-3b47-4d8d-a21e-2b331b7a9558,1cdb7574-7a4b-4ba8-91ac-c0437087d979,DM MILK CHOC,1
7.48,6e8dcc18-d2a9-4618-9528-12d213b0a5ec,6fdfd3a6-a295-4cf7-8a55-5e3fdbe709b3,PREM CEREAL 2,1
0.94,78604ca3-e9f5-47fc-a7a7-9f38b4d0fd82,d55338f6-104c-4b15-be2d-663a609f3e4c,CUCUMBERS SE,1
12.99,263fedba-9408-42c2-8097-7038f4b05612,a9fd2561-98fa-4f5b-89a9-ab8fccf58d0a,YELLOW ONION,1
4.99,64d52603-6abb-4182-bb63-f1a89858bae6,101efc71-703c-4470-a0bb-a72d920d5dc8,Pomagrant,1
5.98,0029eb26-dfb5-4117-a118-fecf0baeda03,c530cd07-aedf-4a3e-8401-afac8e4adb42,EXCELL 85 C,1
13.99,f4d98277-871c-4b8d-9905-b3c0877c006f,aaa631ba-79e9-4ed2-a3ff-fb6d6f0fa4a6,SB AEROSOL,1
8.5,e2566cac-613a-4ca5-95ee-850d92317482,007cf1e4-48b7-460f-a487-8afa359b7677,TOMATO ROMA,1
13.99,4c393d2f-337c-4cd4-b855-266d3c5d2e0b,a1a5bfad-cb2a-40b8-b9c9-cd98c433bae1,BOUNCE 320,1
0,edc8051c-9d29-49d9-91bd-a8b11ba8cc57,8cdb1576-dff4-4937-8428-ff3afd1eb5c9,PRODUCTO 2,1
9.99,80fe63c1-25ab-4498-9b39-679bab6abb8e,c673ce69-6a39-4cd5-a585-0a39cb679c0b,ORG HOMO 4L,1
7.99,b6141ec5-dc95-44c3-92b2-6ad3214313cd,0e1242d9-b8ec-4866-9240-416f4e25a924,CROISSANT,1
2.49,b5742567-22cc-4c40-b1d0-4209a64dbc5e,2d9deb49-c4fa-400b-b1aa-5d61992577c4,PEANUT HALWA 200G,1
10.88,6e8dcc18-d2a9-4618-9528-12d213b0a5ec,ad4ae392-f97c-4c69-b28d-87ecc727249a,NAT MLK ORG,1
4.63,b5742567-22cc-4c40-b1d0-4209a64dbc5e,fd9bf755-8584-4ec3-b50e-25b6a24b0501,EGGPLANT,1
7.48,580a0e8e-6c93-41ae-8d6f-f4fa05cae95d,816121bf-46e7-47e2-ad7e-04db8e7f5c5a,WATER SOFT,1
1.29,0d5e41ec-470b-4547-a2ba-f200612960fd,7b1f6f60-44b5-4c9a-9236-68d1353e847d,M Coffee,1
8.97,369cbc5b-c52c-47c5-96e9-3ad048b8a7fd,186f3d2d-fa9f-43fb-9696-2f70edc91079,AA SMOKE X,1
1.25,79dd6315-1c82-4baf-a556-db40607b62c9,ce14cdcc-1ee9-487b-92ee-bdf686804d18,PAPER STRAW,1
3.48,5cd4bf00-a912-455a-aa7f-c2232813ce32,42fef6a7-4d39-49a2-ada8-a854fe953a5d,IND EGEPLANT,1
4.99,f4d98277-871c-4b8d-9905-b3c0877c006f,b28fdd01-bdd3-487c-8b1d-4bcb7a5f80cf,UNSALTED BTR,1
7.96,92e85959-40db-43df-95c8-19bff88ffee8,07d9acb6-7ad5-4e67-9ca7-5115145b11c8,(LS)Pad Gra Prao,1
5,79dd6315-1c82-4baf-a556-db40607b62c9,ac2ad929-eaad-4ca0-9dca-f7498c3b839c,BAMBOO TRAY,1
32.99,ce01eb11-4324-4025-9c6b-f50bb594efec,c64a7914-73f4-47b4-8aea-a0bdc6c524f1,21 WT CZ WHL,1
4.57,e9a9eef3-b150-4bb4-b25a-ba238c93b0f0,11a35f92-66bf-4499-9ab1-58cea8a12e1b,DRC CHEN DRM,1
291.42,49e347c7-a471-4ac0-ad01-95a1c36526e5,a64e98ff-3b5f-4f06-a206-3c785ef08583,Tax/Charges 2025,1
19.99,f4d98277-871c-4b8d-9905-b3c0877c006f,30d47f86-a750-478b-8466-93c1c3091620,ANDY/EVAN,1
2.97,6e8dcc18-d2a9-4618-9528-12d213b0a5ec,53e1803f-7fe9-4f17-a7ae-b8ae2414a5b4,PRN ORIG CRI,1
-3,4c393d2f-337c-4cd4-b855-266d3c5d2e0b,14aaf733-c627-48ad-b473-2a75c884488b,TR/10256,1
16.97,f5c104b7-3b47-4d8d-a21e-2b331b7a9558,1bbb2739-13dc-4e16-9df4-cc7cb0ad97bc,FOOD JAR,1
10.88,0029eb26-dfb5-4117-a118-fecf0baeda03,7e17140e-19a3-41e6-8476-e80ec97e3396,4L HOMO MILK,1
2.31,4c70e3a7-cdd0-49c5-a2d9-1b596c386591,d99e8cb9-ba45-478f-877e-c6f9ea1bb25e,Tomato Round,1
3.5,ac8d5724-d016-4b64-8705-ae0e195774a3,da52784c-e217-483f-b754-3e023ccc3fa1,WHEEL TOY,1
2.41,e55f05a2-f50a-4762-8651-4df1beb0809c,9d25c9b7-dfe4-413d-88a9-f0f2cbb32157,LG SQUASH,1
24.99,4c393d2f-337c-4cd4-b855-266d3c5d2e0b,4ec209b9-151f-4cab-bfac-f8a14595eb6a,SH 6PK BOWLS,1
1.99,3ab8b4c2-824a-497e-9ee6-8981dac114cd,09f2eec7-c9dd-4c43-abb7-299fccda6595,Crayola Ltd Editio,1
12.99,9eca44a9-99a2-42c7-9d8f-57a0015b1d0f,ffe47d51-5ab3-471e-bc89-5764a3093b4f,"TROWEL, POINTING",1
10.99,263fedba-9408-42c2-8097-7038f4b05612,9327a594-396b-4f9f-b1a9-b3b62e397360,SESAME SNAPS,1
3.47,087652a2-86a8-44a9-a032-e3d748b0aaef,f2d4d1db-97e6-47fe-91fa-e10b22aac203,DEMP 100WW,1
8.99,22d35c96-ea46-4052-889a-b9f3a10dd8e5,9795ecd8-55a0-4fd3-b36e-d602c89688ee,ELAN NOOR,1
3.38,a54604bc-a6eb-4c7d-92b9-b914ae53efab,539e42bc-4c6e-4a25-a2cd-adc726c23306,MARVEL FOLDABLE BAG RED,1
42.99,2e582afd-f890-4573-a871-2177c5601b07,7119f408-bf93-415e-827f-775db501c3e7,FSB KEEPSAK.CEL,1
2.59,324ca7a5-30e8-43df-be01-b27adc23678c,949b415b-6413-4a50-a8e2-81891744618f,White Whole Mushrooms,1
2.25,88126b55-5720-4d8c-9298-9f469360b5e5,46554995-7fe0-4604-880e-7a161de09cc0,BROOM REFILL,1
